"Keyword Phrase","ABA Total Click Share","ABA Total Conv. Share","ABA SFR","Keyword Sales","Cerebro IQ Score","Search Volume","Search Volume Trend","H10 PPC Sugg. Bid","H10 PPC Sugg. Min Bid","H10 PPC Sugg. Max Bid","Sponsored ASINs","Competing Products","CPR","Title Density","Amazon Recommended","Sponsored","Organic","Sponsored Rank (avg)","Sponsored Rank (count)","Amazon Recommended Rank (avg)","Amazon Recommended Rank (count)","Position (Rank)","Relative Rank","Competitor Rank (avg)","Ranking Competitors (count)","Competitor Performance Score","B07N7KFHVH","B08N2RDBHT","B00HHLNRVE","B07M74PH8P"
"garlic presses",72.4,83.3,628783,51,828,656,-35,0.85,0.65,1.15,293,792,10,0,0,1,1,19,3,0,0,2,2,3.8,4,10,3,1,6,5
"machacador de ajo",69.2,66.7,780076,64,827,657,151,0.88,0.63,1.17,303,794,10,0,1,1,1,25,4,187,5,1,1,4,4,10,3,2,7,4
"the best garlic press",58.6,71.4,699829,60,830,656,-18,0.91,0.66,1.16,292,790,10,0,0,1,1,23,4,0,0,3,3,4.5,4,10,1,2,6,9
"garlic press",43.7,50,2841,10211,94195,74508,-13,0.69,0.51,0.9,415,791,127,45,1,1,1,30,3,26,5,3,2,5,4,10,9,1,6,4
"zulay garlic press",100,100,750892,61,7054,656,76,0.83,0.59,1.06,139,93,10,0,1,1,1,12,3,325,4,4,2,5.5,4,10,1,7,9,5
"garlic mincer tool",56.2,76.6,103233,369,4817,3184,-12,0.7,0.53,0.94,415,661,30,5,1,1,1,41,4,160,5,1,1,6.3,4,10,2,10,5,8
"best garlic press",83.3,100,497877,118,1353,1070,-21,0.81,0.63,1.08,351,791,26,0,1,1,1,29,4,70,5,4,3,6.5,4,10,2,3,6,15
"garlic press oxo",90.1,88.9,244787,246,22440,1683,-27,0.73,0.5,0.75,130,75,27,1,1,1,1,14,3,47,3,6,2,9,4,10,9,4,13,10
"oxo garlic press good grips",97.9,100,547725,111,23429,656,-15,0.69,0.65,0.99,41,28,10,0,1,1,1,5,2,352,4,7,2,9.3,4,10,9,6,10,12
"garlic mincer",35.7,40.2,6911,4849,50424,35549,-6,0.61,0.46,0.85,409,705,76,28,1,1,1,44,4,126,5,2,2,10.8,4,10,1,31,5,6
"zyliss garlic press",86.9,80,303220,185,22263,1269,-12,0.7,0.57,0.94,80,57,26,0,1,1,1,14,3,234,5,8,2,11.3,4,10,10,14,15,6
"oxo garlic press",89.3,86,141103,277,27593,2235,-31,0.7,0.49,0.72,115,81,27,0,1,1,1,7,3,499,5,6,2,12.8,4,10,19,5,16,11
"oxo good grips garlic press",100,100,922704,75,21000,525,-6,,,,52,25,9,2,1,1,1,7,4,842,2,6,1,9.7,3,8,9,7,13,"-"
"pampered chef garlic press",98.9,100,371538,151,25653,1257,-33,0.73,0.56,1.28,90,49,26,2,1,1,1,9,3,236,3,6,1,9.7,3,8,9,"-",13,7
"triturador y machacador de ajos",,,,56,3836,656,48,0.68,0.52,1.15,187,171,10,0,0,1,1,21,3,0,0,2,1,10.3,3,8,7,"-",5,19
"dracula garlic mincer",100,100,665751,82,10754,656,-26,0.74,0.56,0.86,101,61,10,0,1,1,1,10,1,551,3,7,2,14,3,8,17,"-",20,5
"garlic press pampered chef",82.2,81.8,376801,162,19952,1257,-26,0.76,0.67,1.17,144,63,26,0,1,1,1,9,3,130,5,4,1,14.7,3,8,19,"-",20,5
"garlic presser",77.5,57.2,294876,155,1841,1456,-23,0.85,0.65,1.07,346,791,28,6,1,1,1,29,3,135,5,2,1,16.5,4,8,8,4,25,29
"garlic squeezer",,,,82,1869,527,111,,,,310,282,9,2,1,1,1,25,4,142,5,9,2,16.8,4,8,1,39,14,13
"vampire garlic crusher",100,100,779399,64,7095,525,-39,0.76,0.59,1.1,95,74,9,0,0,1,1,13,3,0,0,4,1,23,4,8,7,58,19,8
"gracula garlic crusher",100,100,569759,80,6292,711,-21,0.81,0.58,1.34,150,113,10,1,1,1,1,16,2,349,4,4,2,23.3,4,8,15,55,20,3
"best garlic mincer",86.2,100,758147,39,932,656,-6,0.78,0.61,1.16,295,704,10,0,1,1,1,48,4,183,3,3,1,23.5,4,8,7,70,4,13
"garlic smasher",57.9,33.3,249627,129,2849,1681,-25,0.73,0.54,1.03,456,590,27,2,1,1,1,21,4,129,5,15,2,25.3,4,8,1,23,17,60
"gracula",100,100,754375,95,5738,591,-31,0.72,0.57,1.3,192,103,9,11,1,1,1,10,1,808,3,7,1,25.5,4,8,17,56,19,10
"mincer",47.7,54.3,96641,343,3394,3394,14,0.82,0.57,1.15,518,1000,37,28,1,1,1,43,4,248,5,2,1,27.3,4,8,4,62,19,24
"ginger press",61.2,50,465190,94,1816,837,-14,0.76,0.56,1,318,461,11,9,1,1,1,30,4,98,5,14,2,28.5,4,8,1,78,15,20
"stainless steel garlic press",57.7,52.9,121743,331,5076,3350,-43,0.82,0.66,1.12,361,660,31,8,1,1,1,20,4,217,4,27,2,29.5,4,8,31,54,4,29
"garlic crusher",43,49.4,43377,808,10347,6767,-13,0.69,0.52,0.91,405,654,38,19,1,1,1,29,4,93,5,27,3,31.3,4,8,2,88,8,27
"garlic press stainless steel",45.6,48.1,31339,1057,15776,10333,-31,0.77,0.63,1.08,348,655,39,7,1,1,1,35,4,328,4,27,2,31.5,4,8,62,32,3,29
"mincer tool",65.4,100,379127,99,1186,1186,165,0.85,0.68,1.09,382,1000,27,3,1,1,1,13,3,372,4,3,1,31.8,4,8,3,89,27,8
"garlic cutter",53.2,100,351325,60,1336,1257,29,0.7,0.53,1.01,468,941,27,5,1,1,1,14,3,282,4,25,3,16.3,3,6.4,9,"-",14,26
"kuhn rikon garlic press",98.7,100,486109,116,31829,1114,-14,0.55,0.48,1.12,102,35,26,0,1,1,1,12,4,360,3,16,2,18.7,3,6.4,13,"-",21,22
"garlic twister",83.3,90.9,379575,111,8053,1071,-20,0.61,0.45,0.84,262,133,27,6,1,1,1,38,3,242,4,25,2,28.3,3,6.4,10,"-",43,32
"microplane garlic slicer mincer set",100,100,616593,92,18140,780,39,0.82,0.75,1.34,66,43,11,0,1,1,1,6,4,473,2,0,0,12,2,6,20,"-","-",4
"garlic expressions",87,91.3,480556,124,6627,835,-8,1.31,0.68,2.06,63,126,11,5,1,0,1,0,0,1133,1,20,2,16,2,6,22,"-",10,"-"
"garlic crusher stainless steel",62.5,80,253022,184,2937,1686,-21,0.77,0.6,1.13,415,574,26,0,1,1,1,39,4,203,5,23,2,38.3,4,6,26,74,2,51
"picador de ajo",63.4,,614180,54,1177,837,12,0.7,0.53,1.19,202,711,11,0,1,1,1,13,3,238,5,29,2,41,4,6,17,40,77,30
"triturador de ajo",55.7,36.4,174147,301,7665,2744,33,0.78,0.51,0.98,451,358,27,0,1,1,1,18,3,208,5,2,1,41.5,4,6,12,111,19,24
"exprimidor de ajo",84,100,893841,50,1050,591,6,,,,152,563,9,0,1,1,1,25,3,132,5,1,1,41.8,4,6,3,148,10,6
"chef press",70.4,100,256221,153,241,1684,-25,0.68,0.46,1.28,543,7000,27,2,1,1,1,81,2,265,1,0,0,42.8,4,6,34,68,51,18
"garlic press rocker",56.5,65.8,93433,817,21375,5921,-47,0.63,0.47,0.92,334,277,42,32,1,1,1,34,4,117,4,40,3,48.5,4,6,32,68,57,37
"garlic chopper",32.7,33.9,22385,1264,14582,14582,-16,0.59,0.37,0.79,567,1000,48,19,1,1,1,58,3,299,5,30,2,49.3,4,6,17,50,81,49
"pressed garlic chopper",94.9,100,865895,59,1880,656,15,0.62,0.5,1.04,396,349,10,10,1,1,1,34,3,453,3,40,2,61.8,4,6,63,67,88,29
"garlic roaster for oven",76.5,54.6,477778,113,6232,1184,-43,0.87,0.55,1.41,485,190,26,0,0,1,1,51,3,0,0,30,3,24.5,2,4.8,"-","-",29,20
"press tool",73.7,,583807,34,36,711,8,0.8,0.37,1.24,355,20000,10,17,1,0,1,0,0,1188,1,26,2,27.5,2,4.8,35,"-",20,"-"
"garlic baker",92.9,50,803659,49,2541,592,-47,0.65,0.53,1.27,322,233,9,7,1,1,1,38,2,643,2,18,2,33.3,3,4.8,39,"-",45,16
"seasoning & spice tools",58.9,,351900,91,485,1456,-22,0.63,0.46,0.97,744,3000,26,0,0,1,1,6,2,0,0,8,1,42,3,4.8,24,69,33,"-"
"black garlic fermenter",95.2,100,777592,30,5382,592,-17,0.83,0.57,1.52,164,110,9,13,1,1,1,36,1,730,1,20,1,48.7,3,4.8,61,"-",53,32
"butter wheel",96,100,457129,104,1853,1071,5,0.73,0.66,1.89,411,578,27,5,0,0,1,0,0,0,0,37,1,52.3,3,4.8,50,47,"-",60
"garlic slicer",71.6,69.2,144897,309,3701,2842,-5,0.52,0.39,0.75,592,768,31,11,1,1,1,29,4,186,5,29,2,56,3,4.8,86,"-",80,2
"cast iron garlic roaster",80.9,100,694527,41,2020,592,-74,0.69,0.48,1.1,474,293,9,4,1,1,1,29,2,574,3,0,0,56.3,3,4.8,81,"-",66,22
"garlic grater",50.2,63.6,124534,389,3992,3992,20,0.7,0.43,1.04,514,1000,33,14,1,1,1,16,2,308,5,28,1,57.7,3,4.8,32,"-",83,58
"herb press",94.4,100,649701,35,263,525,-15,0.59,0.41,1.02,282,2000,9,3,1,1,1,64,2,608,1,88,4,61,3,4.8,51,"-",61,71
"garlic mincer electric",79,100,829338,51,1060,527,-11,,,,297,497,9,0,1,1,1,31,3,434,4,29,1,61.3,3,4.8,72,"-",48,64
"zulay kitchen",41.2,28.6,224587,184,8750,2100,-19,0.8,0.62,1.05,688,240,32,16,1,1,1,15,1,111,1,0,0,15,1,4,15,"-","-","-"
"garlic rocker",76.6,90.5,282629,212,6232,1689,-44,0.59,0.46,0.9,388,271,29,9,1,1,1,39,4,531,5,87,5,65.3,4,4,77,74,41,69
"stainless steel garlic press rocker",75,83.3,470796,176,6180,1681,-44,0.59,0.41,0.83,359,272,31,14,1,1,1,58,4,500,3,54,3,69.5,4,4,46,124,33,75
"garlic roller",57.1,44.5,241967,181,5021,1692,-34,0.68,0.49,1.13,344,337,30,12,1,1,1,28,3,286,5,10,1,71.3,4,4,75,151,29,30
"garlic masher",55.7,45.5,259669,144,4147,1688,-15,0.63,0.46,0.85,464,407,28,7,1,1,1,17,4,162,5,13,1,83,4,4,14,277,24,17
"garlic slicer thin",76,88.9,317129,121,1884,1238,-22,0.53,0.38,0.77,551,657,26,0,1,1,1,41,4,189,3,47,2,85.5,4,4,94,154,92,2
"garlic peeler",57.4,57.9,28856,1534,25916,11766,-15,0.55,0.39,0.97,444,454,46,25,1,1,1,32,3,164,5,6,2,89.5,4,4,169,161,23,5
"dreamfarm kitchen utensils",64.4,77.8,434286,77,9522,657,-32,0.97,0.67,1.63,76,69,10,0,1,0,1,0,0,524,1,0,0,39,2,3.6,44,34,"-","-"
"silicone garlic peeler tube roller",92.4,96.6,467138,141,8324,1182,14,0.63,0.45,1.09,233,142,26,0,1,1,1,47,3,84,2,30,2,47,2,3.6,"-","-",69,25
"garlic keeper",35.7,30.3,62704,458,10243,5265,1,0.48,0.32,0.88,420,514,43,38,1,1,1,52,3,260,4,0,0,54.5,2,3.6,65,"-","-",44
"plantain smasher",72.3,82.8,216258,260,6142,1683,"-",0.51,0.43,0.89,544,274,27,1,1,1,1,45,1,1485,1,0,0,17,1,3.2,17,"-","-","-"
"plantain press",79.1,80,473045,67,2067,711,-13,0.52,0.3,0.75,270,344,10,4,1,1,1,28,2,967,1,0,0,27,1,3.2,27,"-","-","-"
"nug smasher",58.5,50,163468,114,34419,2134,-8,0.63,0.37,1.06,188,62,30,9,0,0,1,0,0,0,0,0,0,28,1,3.2,"-","-",28,"-"
"rice press",85.2,100,528304,87,356,711,-19,0.68,0.46,1.21,346,2000,10,4,1,0,1,0,0,939,1,0,0,29,1,3.2,29,"-","-","-"
"onion peeler",70.3,66.7,679535,62,813,711,219,0.61,0.47,0.97,382,875,10,2,1,1,1,49,1,717,1,0,0,29,1,3.2,"-","-","-",29
"utensilios de cocina de silicona",56.5,50,348981,91,645,1290,35,0.61,0.43,0.93,550,2000,26,0,0,1,1,84,1,0,0,0,0,32,1,3.2,"-","-","-",32
"garlic roller peeler",93.9,95.2,540492,73,2614,711,-24,0.55,0.42,1.01,256,272,10,4,1,1,1,43,4,322,2,19,1,65.3,3,3.2,"-",125,47,24
"garlic peeler silicone",81.8,80,606058,83,2563,656,-37,0.55,0.41,0.94,265,256,10,3,1,1,1,51,3,770,2,24,2,78.7,3,3.2,"-",139,89,8
"silicone garlic peeler",90.9,81.3,489397,90,3087,778,-26,0.64,0.43,1.05,253,252,11,17,1,1,1,43,3,1281,1,25,2,94.3,3,3.2,"-",156,114,13
"kitchen aid peeler",76,71.4,577808,116,8099,656,-22,0.59,0.47,0.93,82,81,10,0,1,0,1,0,0,539,1,126,2,33,1,2.4,"-",33,"-","-"
"nugsmasher",77.1,50,327168,89,12721,1412,-22,0.7,0.5,1.19,223,111,27,4,0,0,1,0,0,0,0,0,0,34,1,2.4,"-","-",34,"-"
"accesorios para cocina",34.4,,94394,199,40,3991,27,0.62,0.42,0.94,1223,100000,29,0,1,1,1,7,1,951,1,16,1,36,1,2.4,36,"-","-","-"
"dreamfarm",70.6,100,578472,51,12130,837,-53,0.75,0.52,1.12,43,69,11,41,0,0,1,0,0,0,0,0,0,39,1,2.4,39,"-","-","-"
"tostones plantain press",58.7,66.7,356556,112,6479,1231,-4,0.53,0.43,0.88,268,190,26,1,0,0,1,0,0,0,0,0,0,40,1,2.4,40,"-","-","-"
"zulay",32.1,18.2,173827,210,8916,2238,-16,0.73,0.59,1.09,459,251,42,47,1,1,1,53,2,122,1,0,0,41,1,2.4,41,"-","-","-"
"crusher",62.2,75,403388,32,123,1234,-15,0.7,0.58,1.37,609,10000,41,48,1,1,1,56,3,1124,1,0,0,46,1,2.4,46,"-","-","-"
"aplastador de tortillas",45.5,,819527,32,4020,591,-3,0.41,0.32,0.75,265,147,9,0,0,0,1,0,0,0,0,0,0,50,1,2.4,50,"-","-","-"
"cuchillo electrico de cocina",66.2,80,300753,64,5376,1231,-25,0.68,0.49,1.06,298,229,26,0,0,0,1,0,0,0,0,0,0,54,1,2.4,"-","-","-",54
"salad mason jars",87.9,100,770658,47,711,711,160,0.57,0.39,0.96,368,1000,10,0,1,0,1,0,0,707,1,0,0,59,1,2.4,"-","-","-",59
"majongone",67.9,,462513,40,6335,1115,20,,,,138,176,26,0,0,0,1,0,0,0,0,0,0,60,1,2.4,60,"-","-","-"
"sweet smokie joe",83.3,71.4,361936,169,7743,1479,-23,0.52,0.27,1.11,299,191,28,5,1,0,1,0,0,1162,1,0,0,60,1,2.4,60,"-","-","-"
"kitchenaid",36.8,41.2,13949,1575,23304,22255,-42,0.61,0.45,1.16,1032,955,66,47,1,0,1,0,0,119,1,0,0,63,1,2.4,"-",63,"-","-"
"mannkitchen",100,100,762160,46,4766,591,-35,0.7,0.63,1.06,363,124,9,4,0,1,1,19,1,0,0,0,0,72.5,2,2.4,92,"-",53,"-"
"food press",46.2,50,330666,48,63,1257,-10,0.62,0.47,0.99,518,20000,27,4,1,0,1,0,0,160,1,40,1,83.5,2,2.4,"-",87,"-",80
"majador de platanos",59.1,50,649919,51,1204,591,5,0.52,0.43,0.86,250,491,9,0,0,0,1,0,0,0,0,0,0,86.5,2,2.4,76,"-","-",97
"garlic grinder",60.3,55.4,59865,597,5267,5267,43,0.71,0.56,1.3,569,1000,33,9,1,1,1,30,4,256,5,23,2,107.5,4,2,12,140,36,242
"press",52.8,100,108351,127,32,3184,-11,0.6,0.48,1.17,627,100000,43,46,1,1,1,57,1,451,2,122,3,127,4,2,159,102,151,96
"sam the cooking guy",77.1,90.9,359044,120,1937,1013,-62,0.53,0.44,1.16,613,523,27,5,0,0,1,0,0,0,0,271,5,160.8,4,2,37,93,260,253
"maja products",47.9,43.3,227327,191,3098,1679,-41,0.52,0.36,0.79,376,542,26,0,0,0,1,0,0,0,0,203,3,187.8,4,2,102,176,250,223
"meat pounder flattener",68.8,61.8,206728,214,7293,2064,-4,0.72,0.53,1.18,323,283,28,3,1,0,1,0,0,953,1,0,0,67,1,1.6,67,"-","-","-"
"chop and stir utensil",100,100,889955,84,1695,527,-12,0.59,0.46,0.98,373,311,9,1,0,1,1,76,1,0,0,0,0,68,1,1.6,68,"-","-","-"
"kitchen aid grinder",54.2,16.7,489734,58,3464,776,-29,0.87,0.5,1.58,369,224,11,0,0,0,1,0,0,0,0,0,0,68,1,1.6,"-",68,"-","-"
"ginger peeler",91.1,91.7,641890,81,898,592,-18,0.74,0.58,1.04,355,659,9,4,1,1,1,23,2,636,2,34,1,69,1,1.6,"-","-",69,"-"
"kitchenaid grinder",50,66.7,290032,136,7687,1622,-22,0.92,0.53,1.6,398,211,26,0,1,0,1,0,0,227,1,0,0,69,1,1.6,"-",69,"-","-"
"kitchenaid potato peeler",78.6,85.7,712223,93,7309,592,-20,0.6,0.47,0.83,92,81,9,0,1,0,1,0,0,535,1,0,0,70,1,1.6,"-",70,"-","-"
"s mortar machine",64.5,,809867,32,592,592,"-",,,,73,1000,9,0,0,0,1,0,0,0,0,0,0,72,1,1.6,72,"-","-","-"
"must have kitchen gadgets 2022",38.9,,353478,127,271,1624,-45,0.61,0.45,0.92,1078,6000,26,0,1,1,1,66,1,942,1,0,0,74,1,1.6,74,"-","-","-"
"kitchen aid meat grinder",66,73.3,296248,66,7919,1267,-23,0.89,0.47,1.57,165,160,27,3,0,0,1,0,0,0,0,0,0,75,1,1.6,"-",75,"-","-"
"pizza press",54.5,50,484725,49,591,1182,13,0.75,0.47,1.13,427,2000,27,3,0,0,1,0,0,0,0,0,0,77,1,1.6,"-",77,"-","-"
"tostonera plantain press",57.3,73,136278,225,9849,2472,-9,0.45,0.37,0.79,358,251,27,0,0,1,1,39,1,0,0,0,0,78,1,1.6,78,"-","-","-"
"g eazy",90.8,,293552,49,1575,1257,-12,0.58,0.41,0.83,365,798,28,7,0,0,1,0,0,0,0,0,0,79,1,1.6,79,"-","-","-"
"internet famous home",50,,434026,106,2634,2131,369,1.02,0.68,1.48,553,809,27,0,0,0,1,0,0,0,0,0,0,81,1,1.6,81,"-","-","-"
"onion keeper for refrigerator",47.2,63.6,285658,128,3075,1479,-2,0.57,0.44,1.11,453,481,26,1,0,0,1,0,0,0,0,0,0,81,1,1.6,81,"-","-","-"
"ricer for mashed potatoes",64.8,61,68569,635,15528,5916,-32,0.98,0.61,1.03,342,381,33,5,0,0,1,0,0,0,0,105,2,82,1,1.6,82,"-","-","-"
"utensilios de cocina modernos",51.8,,534052,32,88,527,82,0.55,0.42,0.93,501,6000,9,0,0,0,1,0,0,0,0,0,0,83,1,1.6,83,"-","-","-"
"xoxo kitchen",37.9,44.8,90049,484,633,3795,-18,0.87,0.58,1.3,734,6000,29,0,0,1,1,6,1,0,0,0,0,84,1,1.6,84,"-","-","-"
"kion",70,50,362019,144,4637,1456,-3,1.28,0.94,2.25,557,314,34,26,0,0,1,0,0,0,0,0,0,85,1,1.6,85,"-","-","-"
"garlic grater plate",55.6,40,256359,106,7691,1269,-42,0.51,0.3,0.85,394,165,26,0,0,1,1,64,3,0,0,43,1,85,1,1.6,"-","-","-",85
"cheese press",50,53.3,130346,173,747,2240,-14,0.82,0.45,1.34,345,3000,31,13,0,0,1,0,0,0,0,110,2,86,1,1.6,86,"-","-","-"
"electric garlic chopper",53.6,64.7,225765,152,2373,1908,-51,0.66,0.48,1.03,553,804,31,14,1,1,1,29,2,791,1,0,0,90,1,1.6,"-","-",90,"-"
"kitchen tools",24.7,21.9,30257,83,97,9728,-52,0.57,0.37,0.85,780,100000,37,5,1,1,1,39,3,538,4,9,1,90,1,1.6,90,"-","-","-"
"onion mincer",,,,36,878,578,126,,,,355,658,9,7,0,1,1,24,2,0,0,82,1,91,1,1.6,91,"-","-","-"
"kitchen aid utensil pack",80,75,372317,150,1581,1412,-15,0.42,0.27,0.6,743,893,26,0,1,0,1,0,0,168,1,0,0,92,1,1.6,"-",92,"-","-"
"zester grater with handle",63,61,119477,396,4665,3023,-30,0.65,0.46,1,404,648,29,5,1,0,1,0,0,950,1,233,2,92,1,1.6,92,"-","-","-"
"salad spinner glass",100,100,708999,32,5575,591,21,0.53,0.42,0.97,249,106,9,0,0,0,1,0,0,0,0,0,0,92,1,1.6,"-","-","-",92
"butter slicer cutter stainless steel",81.8,65.2,349003,120,1269,1269,-41,0.46,0.35,0.74,500,1000,26,0,1,0,1,0,0,724,1,0,0,93,1,1.6,"-","-","-",93
"egg cleaner for fresh eggs",80,81.8,554005,65,1139,656,74,0.73,0.54,1.35,226,576,10,0,0,0,1,0,0,0,0,0,0,93,1,1.6,"-","-","-",93
"rose gold kitchen",37.1,,599182,44,18,711,-10,0.63,0.41,0.97,443,40000,10,1,1,0,1,0,0,1143,1,0,0,93,1,1.6,93,"-","-","-"
"food masher",68.2,58.3,269965,166,1241,1241,-12,0.59,0.45,0.92,465,1000,27,5,1,1,1,69,2,790,1,0,0,94,1,1.6,"-","-",94,"-"
"chef sac",40.8,62.5,296482,79,1458,1458,-18,0.75,0.49,1.21,389,1000,27,2,0,0,1,0,0,0,0,77,1,96,1,1.6,"-","-",96,"-"
"kitchenaid food grinder",67.9,,811900,33,5333,592,-16,0.81,0.42,1.51,140,111,9,1,0,0,1,0,0,0,0,0,0,96,1,1.6,"-",96,"-","-"
"kitchen aid spatula",66.7,55.6,450903,83,3189,778,-36,0.73,0.48,1.31,379,244,11,0,0,0,1,0,0,0,0,0,0,96,1,1.6,"-",96,"-","-"
"garlic peeler tube",75.6,73.5,218067,225,9097,1692,-32,0.54,0.35,0.9,328,186,29,8,1,1,1,27,3,133,4,24,2,96.7,3,1.6,235,"-",32,23
"cooking weight press",85.4,90.9,387118,150,297,1186,16,0.85,0.76,1.14,466,4000,26,0,0,0,1,0,0,0,0,89,1,106.3,3,1.6,98,109,"-",112
"garlic roaster",71.7,79.2,193044,193,3309,2237,-47,0.62,0.42,1.17,642,676,31,12,1,1,1,27,2,470,4,27,2,109.3,3,1.6,"-",250,59,19
"butter roller",87.4,88.9,431501,89,1415,1071,4,0.74,0.57,1.17,463,757,28,9,0,0,1,0,0,0,0,63,1,125.3,3,1.6,128,119,"-",129
"magic butter",73.7,,359794,54,1256,1256,-28,0.98,0.92,1.71,693,1000,27,3,0,0,1,0,0,0,0,78,1,149.7,3,1.6,182,99,"-",168
"meat smasher utensil",90.6,82.8,367297,197,2034,1257,-22,0.66,0.5,1.07,407,618,26,2,0,0,1,0,0,0,0,196,4,150.3,3,1.6,139,126,"-",186
"pilon",45.5,53.8,146184,201,2616,2237,-22,0.9,0.62,1.54,285,855,34,22,0,0,1,0,0,0,0,99,1,156.7,3,1.6,155,"-",189,126
"meat press cast iron",81.8,85.7,664205,56,812,602,-38,0.74,0.67,0.9,352,741,10,2,0,0,1,0,0,0,0,0,0,115,2,1.2,122,"-","-",108
"garlic jar",65.4,71.4,728333,76,118,591,56,,,,294,5000,9,0,0,0,1,0,0,0,0,138,3,118.5,2,1.2,122,"-","-",115
"knives out glass onion",100,,281330,103,9141,1691,55,,,,578,185,26,0,0,0,1,0,0,0,0,0,0,119,2,1.2,"-","-",152,86
"herb stripper bowl",60,75,653179,62,2963,711,-51,0.62,0.45,1.02,370,240,10,0,1,0,1,0,0,1123,1,37,1,142.5,2,1.2,125,"-","-",160
"garlic keeper for counter",41.4,35.3,212232,153,5307,1624,-7,0.49,0.33,0.86,458,306,27,4,0,1,1,46,3,0,0,58,1,149.5,2,1.2,176,"-","-",123
"garlic gold",56.9,62.5,489065,112,259,778,-46,0.83,0.64,1.5,369,3000,11,33,1,0,1,0,0,619,2,32,1,149.5,2,1.2,38,"-","-",261
"onion blossom cutter",87.9,100,840081,43,2819,592,-21,0.44,0.24,0.51,275,210,9,3,0,0,1,0,0,0,0,0,0,157,2,1.2,159,"-",155,"-"
"meat chopper utensil",84.6,86.5,338898,205,1257,1257,-31,0.64,0.41,0.99,607,1000,27,3,0,0,1,0,0,0,0,0,0,165.5,2,1.2,110,"-","-",221
"onion blossom maker",96.2,100,704651,48,2849,527,38,0.39,0.26,0.55,165,185,9,6,0,0,1,0,0,0,0,0,0,169.5,2,1.2,164,"-",175,"-"
"trituradora de alimentos electrico",87.5,100,740005,35,656,656,-1,0.81,0.54,1.38,504,1000,10,0,0,0,1,0,0,0,0,127,1,172,2,1.2,186,"-",158,"-"
"automatic stirrer for cooking",68.4,83.3,119014,281,6256,2840,-54,0.6,0.41,1.05,495,454,29,4,0,0,1,0,0,0,0,0,0,174.5,2,1.2,137,"-",212,"-"
"pampered chef meat chopper",84.8,82.6,478411,107,1134,780,-29,0.75,0.6,1.08,289,688,11,0,0,0,1,0,0,0,0,65,1,174.5,2,1.2,159,"-","-",190
"kitchenaid meat grinder",72.8,75,258850,70,10538,1686,-24,0.91,0.5,1.59,213,160,26,0,1,0,1,0,0,228,1,0,0,97,1,0.8,"-",97,"-","-"
"bean smasher tool",46.8,39.1,296138,219,2895,1456,47,0.67,0.44,0.81,288,503,26,0,0,0,1,0,0,0,0,227,2,98,1,0.8,"-","-","-",98
"kitchen aid juicer",60,73.3,360873,93,8500,1071,-8,0.49,0.4,1,215,126,26,0,0,0,1,0,0,0,0,0,0,98,1,0.8,"-",98,"-","-"
"earth breeze",82.8,85.9,24496,1675,5353,10706,74,1.05,0.7,1.7,346,2000,39,6,0,0,1,0,0,0,0,0,0,98,1,0.8,98,"-","-","-"
"meat grinder kitchenaid",63.6,74.5,120978,192,17860,3179,-27,0.93,0.51,1.48,268,178,29,4,0,0,1,0,0,0,0,0,0,98,1,0.8,"-",98,"-","-"
"stainless steel",40.6,,67579,357,52,5238,-4,0.75,0.48,1.24,0,100000,46,47,1,0,1,0,0,1018,2,0,0,98,1,0.8,"-","-",98,"-"
"garlic juice",76.5,68.5,189338,202,471,1412,-14,1.19,0.71,1.97,358,3000,27,2,0,0,1,0,0,0,0,0,0,99,1,0.8,"-","-",99,"-"
"one minute salad maker",,,,45,1741,592,72,0.78,0.56,1.28,323,340,9,0,0,0,1,0,0,0,0,43,1,101,1,0.8,"-","-","-",101
"kitchenaid juicer",72.2,77.8,454695,89,8688,1112,-13,0.52,0.42,0.97,261,128,26,1,0,0,1,0,0,0,0,0,0,101,1,0.8,"-",101,"-","-"
"salad master grater",,,,48,3200,656,303,0.5,0.35,0.84,121,205,10,0,0,1,1,28,1,0,0,0,0,102,1,0.8,"-","-","-",102
"kitchen aid knife set",100,,928697,40,4321,592,-34,1.24,0.76,1.88,244,137,9,0,0,0,1,0,0,0,0,0,0,104,1,0.8,"-",104,"-","-"
"ooze battery",47.4,62.5,171630,122,6201,2102,-4,0.82,0.37,1.28,265,339,27,0,0,0,1,0,0,0,0,0,0,106,1,0.8,"-","-",106,"-"
"epicurean",54.9,40,289052,71,9658,1410,-28,0.55,0.44,0.81,319,146,40,45,0,0,1,0,0,0,0,0,0,106,1,0.8,"-","-","-",106
"liquid garlic",,,,55,105,525,-18,1.59,0.97,2.63,250,5000,9,3,0,0,1,0,0,0,0,0,0,109,1,0.8,"-",109,"-","-"
"meat weight press",79.4,91.7,376743,115,535,1070,-15,0.79,0.72,1.02,563,2000,26,0,0,0,1,0,0,0,0,141,2,109,1,0.8,109,"-","-","-"
"kitchenaid utensils set",61.2,62.5,329925,104,4094,1257,-5,0.5,0.31,0.97,929,307,26,0,1,0,1,0,0,126,1,0,0,109,1,0.8,"-",109,"-","-"
"kitchenaid knife set",62.1,85.7,310981,100,10664,1461,-29,0.98,0.58,1.65,369,137,26,0,1,0,1,0,0,525,1,0,0,112,1,0.8,"-",112,"-","-"
"rocker knife for disabled",78.3,100,792901,71,3947,592,-25,0.62,0.41,1.01,196,150,9,2,0,0,1,0,0,0,0,0,0,113,1,0.8,"-","-",113,"-"
"zak the baker",60.9,65.2,517796,120,4298,778,"-",1.02,0.74,2.1,176,181,11,0,0,0,1,0,0,0,0,0,0,117,1,0.8,"-","-","-",117
"garlic minced",47,52.8,210936,202,1881,1689,7,0.8,0.55,1.2,267,898,28,4,0,0,1,0,0,0,0,44,1,117,1,0.8,"-","-","-",117
"kitchenaid spatula",57.6,66.7,179825,241,8629,1976,-31,0.77,0.54,0.99,560,229,27,0,1,0,1,0,0,158,1,0,0,118,1,0.8,"-",118,"-","-"
"pela papas",62.5,60,506920,61,990,592,-7,0.61,0.51,1,310,598,9,0,0,0,1,0,0,0,0,43,1,121,1,0.8,"-","-","-",121
"ground meat smasher",86.9,83.7,183002,325,4178,2131,-36,0.59,0.44,0.91,430,510,27,1,0,1,1,35,1,0,0,0,0,121,1,0.8,121,"-","-","-"
"pioneer woman recipe box",93.1,100,730357,51,875,656,-28,0.83,0.65,1.38,217,750,10,2,0,0,1,0,0,0,0,0,0,122,1,0.8,122,"-","-","-"
"ground meat chopper utensil",88.9,82.6,555853,135,2674,778,-16,0.73,0.55,1.27,327,291,11,3,0,0,1,0,0,0,0,0,0,122,1,0.8,122,"-","-","-"
"tortilla press wood",44.2,20,351431,44,2194,1257,3,0.63,0.34,0.72,456,573,26,2,0,0,1,0,0,0,0,150,2,123,1,0.8,123,"-","-","-"
"olive press",76.5,,777613,23,591,591,-18,0.72,0.58,1.39,256,1000,9,0,0,0,1,0,0,0,0,0,0,127,1,0.8,127,"-","-","-"
"stainless steel kitchen aid accessories",67.2,78.6,217528,122,3560,1691,-27,,,,330,475,26,0,0,0,1,0,0,0,0,0,0,129,1,0.8,"-",129,"-","-"
"tostonera",58,82.6,217021,170,3349,1681,-10,0.65,0.44,1.06,638,502,33,20,0,0,1,0,0,0,0,0,0,130,1,0.8,130,"-","-","-"
"kitchenaid pistachio",49.4,50,353030,81,5071,1070,-25,0.55,0.38,0.95,302,211,26,0,1,0,1,0,0,129,1,0,0,132,1,0.8,"-",132,"-","-"
"kitchen aid",44.7,39.7,7288,2679,36428,35554,-39,0.36,0.25,0.75,1157,976,67,1,1,1,1,22,1,120,1,0,0,133,1,0.8,"-",133,"-","-"
"yes paste",92.6,92.3,541808,126,44438,711,-13,1.03,0.79,1.95,73,16,10,1,0,0,1,0,0,0,0,0,0,134,1,0.8,134,"-","-","-"
"kitchen-aid",87.1,,686905,34,66,656,-23,0.43,0.31,0.98,581,10000,10,0,0,0,1,0,0,0,0,0,0,137,1,0.8,"-",137,"-","-"
"pizza spinner",90.5,80,637487,29,2277,592,-21,1.42,1.13,2.12,309,260,9,5,0,0,1,0,0,0,0,0,0,138,1,0.8,"-","-","-",138
"taco press",56.2,66.7,284195,138,1595,1410,-3,0.56,0.39,0.95,496,884,27,3,0,0,1,0,0,0,0,0,0,139,1,0.8,139,"-","-","-"
"salad spinner stainless steel",96.2,85.7,547863,48,5341,657,-16,0.53,0.38,0.95,283,123,10,3,0,0,1,0,0,0,0,0,0,141,1,0.8,"-","-","-",141
"kitchen aid meat grinder accessory",70.2,61.5,369318,103,3925,1256,-19,0.9,0.47,1.49,327,320,26,0,0,0,1,0,0,0,0,0,0,143,1,0.8,"-",143,"-","-"
"kitchenaid utensils",59.3,55.6,343413,165,4461,1481,-27,0.69,0.46,1.11,521,332,26,0,1,0,1,0,0,540,1,0,0,144,1,0.8,"-",144,"-","-"
"pinch perfect tumbler tool",52.3,33.3,377455,68,6567,1412,27,0.79,0.45,1.25,584,215,26,0,0,0,1,0,0,0,0,0,0,145,1,0.8,"-","-","-",145
"potato ricer",54.7,58.2,12125,2083,53589,22829,-38,0.93,0.57,1.01,365,426,64,39,0,0,1,0,0,0,0,245,2,145,1,0.8,145,"-","-","-"
"geiserailie",83.3,100,773085,62,931,592,-20,1.08,0.79,1.65,520,636,9,13,0,0,1,0,0,0,0,0,0,148,1,0.8,148,"-","-","-"
"le creuset sale clearance",46.9,,256153,39,953,837,"-",0.62,0.44,0.84,496,878,11,0,0,0,1,0,0,0,0,0,0,150,1,0.8,"-",150,"-","-"
"meat grinder attachment for kitchenaid stand mixer",78,75,331920,65,6343,1256,-36,1.12,0.63,1.8,312,198,27,5,0,0,1,0,0,0,0,0,0,150,1,0.8,150,"-","-","-"
"grinder card",78.6,100,759884,53,1518,592,-17,0.75,0.57,1.21,157,390,9,10,0,0,1,0,0,0,0,0,0,150,1,0.8,150,"-","-","-"
"bacon press",49.3,47,31520,982,10310,10310,-12,0.71,0.61,0.88,460,1000,45,27,0,0,1,0,0,0,0,0,0,153,1,0.8,"-","-","-",153
"hamburger chopper",55.6,55.9,43032,922,16117,7446,-13,0.56,0.35,0.92,453,462,40,23,1,0,1,0,0,1005,1,0,0,153,1,0.8,153,"-","-","-"
"baby food grinder hand crank",96.3,96.3,394971,102,3180,776,-11,0.63,0.51,1.1,395,244,11,1,0,0,1,0,0,0,0,97,1,154,1,0.8,"-","-","-",154
"steel",60,40,89879,278,19,3795,-1,0.48,0.34,1.19,0,200000,42,42,0,0,1,0,0,0,0,0,0,154,1,0.8,"-","-",154,"-"
"smart pressed juice",93.3,100,809916,33,1902,776,27,1.97,1.4,3.19,368,408,11,6,0,0,1,0,0,0,0,0,0,155,1,0.8,155,"-","-","-"
"gadgets for home to make life easier",53.8,50,583289,82,157,1256,-75,0.62,0.47,0.94,981,8000,26,0,0,0,1,0,0,0,0,0,0,156,1,0.8,156,"-","-","-"
"molino de mano",100,100,722910,34,1343,776,60,0.6,0.43,1.12,230,578,11,0,0,0,1,0,0,0,0,0,0,157,1,0.8,157,"-","-","-"
"garlic container",49.5,50,271759,123,1260,1257,31,0.59,0.39,1.06,349,998,27,4,1,1,1,11,1,142,1,200,2,161,1,0.8,"-","-",161,"-"
"butter grater",73.3,100,967383,34,664,525,-29,0.65,0.43,1.05,357,791,9,4,0,0,1,0,0,0,0,0,0,162,1,0.8,162,"-","-","-"
"triturador de alimentos",51.8,69.2,104775,202,3794,3794,2,0.58,0.43,1.05,981,1000,29,0,1,1,1,61,1,49,1,0,0,163,1,0.8,"-","-",163,"-"
"silicone meat chopper",54.1,71.4,482438,100,1565,776,12,0.52,0.48,0.95,371,496,11,0,0,0,1,0,0,0,0,91,1,167,1,0.8,167,"-","-","-"
"sale on juicers",72.4,,710508,39,3814,656,527,0.73,0.47,1.31,112,172,10,0,0,0,1,0,0,0,0,0,0,168,1,0.8,"-",168,"-","-"
"bacon keeper",67.3,78.6,382996,134,3782,1233,14,0.59,0.47,0.95,497,326,30,13,0,0,1,0,0,0,0,0,0,168,1,0.8,"-","-","-",168
"chopper one piece",51.3,46.7,122533,201,3027,3027,-46,0.35,0.21,0.65,778,1000,28,2,0,0,1,0,0,0,0,276,2,168,1,0.8,168,"-","-","-"
"onion extract",72.3,44.4,540892,105,419,837,-25,1.41,1.04,2.51,303,2000,11,6,0,0,1,0,0,0,0,0,0,169,1,0.8,169,"-","-","-"
"ground meat chopper",70.5,73.5,122074,390,5534,3027,-9,0.62,0.45,1.01,483,547,30,7,0,1,1,82,1,0,0,0,0,172,1,0.8,172,"-","-","-"
"made good",26.2,23.1,27017,1573,124,12446,11,1.35,0.99,2.21,531,100000,41,7,0,0,1,0,0,0,0,290,2,173,1,0.8,173,"-","-","-"
"kitchen",18.3,20.7,655,12554,1693,169250,-34,0.55,0.3,0.83,900,100000,238,38,1,0,1,0,0,784,2,171,1,176,1,0.8,176,"-","-","-"
"kitchenaid accessories",50,37.5,209216,100,844,1688,-51,0.55,0.42,1.16,528,2000,26,0,0,0,1,0,0,0,0,0,0,178,1,0.8,"-",178,"-","-"
"ikea gift card",78.8,100,411570,113,1267,1267,-73,0.67,0.34,0.92,221,1000,26,0,0,0,1,0,0,0,0,0,0,182,1,0.8,182,"-","-","-"
"hand press",71.4,100,442924,35,39,778,-14,0.61,0.42,1.07,455,20000,11,15,0,0,1,0,0,0,0,0,0,183,1,0.8,"-",183,"-","-"
"bacon weight",81.3,60,735744,40,611,525,2,1.11,0.73,1.24,320,859,9,2,0,0,1,0,0,0,0,0,0,190,1,0.8,"-","-","-",190
"bacon press cast iron",72.6,71.1,203999,206,3321,1697,-15,0.73,0.63,1.01,562,511,27,1,0,0,1,0,0,0,0,0,0,192,1,0.8,"-","-","-",192
"cast iron meat press",100,100,987130,41,799,592,-25,0.85,0.67,1.08,340,741,9,2,0,0,1,0,0,0,0,0,0,192,1,0.8,"-","-","-",192
"meat masher",65.4,65.3,39325,1164,9002,8147,-15,0.59,0.42,0.93,424,905,40,19,0,0,1,0,0,0,0,239,3,192.7,3,0,211,264,"-",103
"battery operated cooking appliances",50,,310791,72,1459,1459,-14,0.55,0.38,0.99,867,1000,26,0,0,0,1,0,0,0,0,0,0,194,1,0,194,"-","-","-"
"asian kitchen gadgets",54.5,,416945,53,279,837,-35,0.71,0.44,1.06,858,3000,11,0,1,0,1,0,0,62,1,0,0,194,1,0,194,"-","-","-"
"electric potato grater",80.9,,887920,3,661,525,-21,0.77,0.49,1.28,335,794,9,0,0,0,1,0,0,0,0,280,4,194.7,3,0,160,"-",254,170
"cutting board scraper tool",89.3,85.7,840807,101,822,656,-16,0.62,0.48,1.05,318,798,10,0,0,0,1,0,0,0,0,0,0,195,1,0,"-","-","-",195
"herb ox",65.6,81.8,532916,165,1256,1181,-3,1.36,0.93,2.23,164,940,28,8,0,0,1,0,0,0,0,48,1,196.5,2,0,180,"-","-",213
"garlic holder",38.1,44.2,108911,318,6055,3833,24,0.55,0.34,0.88,357,633,31,6,1,1,1,35,2,749,2,0,0,197,2,0,"-",220,"-",174
"rocker knife",53.2,54.8,143194,240,3541,2744,-22,0.82,0.57,1.24,718,775,35,24,0,0,1,0,0,0,0,0,0,199.5,2,0,"-",147,252,"-"
"hamburger meat smasher",87.2,85.7,743178,68,876,592,45,0.63,0.5,1,266,676,9,0,0,0,1,0,0,0,0,0,0,203,1,0,203,"-","-","-"
"princess house kitchen products",45.7,66.7,184512,179,3176,3176,-30,0.67,0.46,1.25,977,1000,28,0,1,1,1,17,1,146,1,15,1,203,1,0,203,"-","-","-"
"cast iron rust remover",66.7,90,420418,122,1492,1073,-12,1.27,0.87,1.82,367,719,26,0,0,0,1,0,0,0,0,0,0,203.5,2,0,228,"-","-",179
"meat shaver",90.7,100,366296,35,2640,1114,31,0.65,0.48,1.23,612,422,26,0,0,0,1,0,0,0,0,0,0,204,1,0,"-","-","-",204
"william sonoma",83.3,,700092,42,148,591,-72,0.65,0.52,1.12,271,4000,9,0,0,0,1,0,0,0,0,0,0,206,1,0,"-",206,"-","-"
"meat shredder tool twist",71.4,42.9,546136,63,2403,656,-17,0.95,0.61,1.31,332,273,10,0,0,0,1,0,0,0,0,157,1,207,1,0,207,"-","-","-"
"clove",53.3,61.4,83438,627,380,3803,-10,1.07,0.74,1.53,390,10000,32,11,0,0,1,0,0,0,0,0,0,209,1,0,209,"-","-","-"
"temu kitchen",37.8,42.9,137473,98,812,1624,-4,0.48,0.3,0.8,743,2000,26,1,0,0,1,0,0,0,0,0,0,210,1,0,210,"-","-","-"
"herb stripper tool",77.6,100,546918,104,2519,776,-53,0.6,0.47,1.05,527,308,11,8,0,1,1,80,2,0,0,96,1,211,1,0,"-","-","-",211
"speedy sharp",72.2,70,271559,147,1621,1621,3,0.58,0.37,1.26,592,1000,31,14,0,0,1,0,0,0,0,0,0,212,1,0,212,"-","-","-"
"pasta cutter wheel",46.5,50,194046,190,2634,1686,-23,0.46,0.31,0.82,446,640,29,9,0,0,1,0,0,0,0,0,0,213,1,0,"-","-",213,"-"
"onion knives out",96.5,,126586,214,132667,3184,109,,,,514,24,28,0,0,0,1,0,0,0,0,0,0,214,2,0,"-","-",206,222
"kitchen aid bowl",38.5,66.7,246320,61,3257,1459,-44,0.39,0.23,0.7,534,448,26,0,0,0,1,0,0,0,0,0,0,215,1,0,"-",215,"-","-"
"electric potato masher",84,50,798083,46,1341,578,-34,0.7,0.54,0.89,371,431,9,3,0,0,1,0,0,0,0,180,2,215,2,0,167,"-","-",263
"lemon saver",53.5,60,586924,45,656,656,-9,0.5,0.38,0.89,320,1000,10,7,0,0,1,0,0,0,0,127,1,216,1,0,216,"-","-","-"
"real steel",86.9,12.5,33259,674,95,9477,13,0.7,0.45,0.96,299,100000,39,11,0,0,1,0,0,0,0,0,0,216,1,0,"-","-",216,"-"
"kitchenaid bowl",29.8,55.6,187343,140,4597,2064,-41,0.3,0.22,0.53,573,449,28,3,0,0,1,0,0,0,0,0,0,217,1,0,"-",217,"-","-"
"oil press",54.4,50,196020,78,395,1976,-6,0.62,0.39,1.15,500,5000,31,15,0,1,1,60,1,0,0,69,1,218,1,0,218,"-","-","-"
"chili magic",88.9,95.8,644397,114,835,835,-14,1.01,0.71,1.88,244,1000,11,6,0,0,1,0,0,0,0,62,1,221,2,0,192,"-",250,"-"
"go clean co store usa",57.1,50,521191,26,75,527,4,1.23,0.94,1.79,461,7000,9,0,0,0,1,0,0,0,0,0,0,222,1,0,"-",222,"-","-"
"meat shredder tool",53.9,40,275056,141,1454,1454,-38,0.97,0.72,1.46,588,1000,29,11,0,1,1,110,1,0,0,126,1,222,1,0,222,"-","-","-"
"herb cutter",60.6,41.7,428184,99,1234,1234,-36,0.75,0.52,1.61,608,1000,28,8,0,0,1,0,0,0,0,235,3,222,3,0,216,"-",206,244
"food dice",77.7,95.5,334578,108,1256,1256,-65,0.77,0.46,1.23,627,1000,27,5,0,0,1,0,0,0,0,83,1,223,1,0,"-","-","-",223
"egg washer for fresh eggs",63,73.3,339159,89,1069,837,42,0.8,0.64,1.35,318,783,11,0,0,0,1,0,0,0,0,0,0,225,1,0,"-","-","-",225
"tortilla maker press",76.1,100,544896,44,2850,835,-18,0.41,0.32,0.74,457,293,11,1,0,0,1,0,0,0,0,0,0,228,1,0,228,"-","-","-"
"temu chopper",64.8,100,254250,67,5515,1456,-67,0.48,0.35,0.85,578,264,26,0,0,1,1,8,1,0,0,38,1,229,1,0,229,"-","-","-"
"so clean",84.3,82.6,394391,167,12,1187,-10,1.19,0.78,2.02,414,100000,30,14,0,0,1,0,0,0,0,0,0,229,1,0,"-","-",229,"-"
"tortilla maker electric machine",62.5,57.2,165598,87,3412,2235,-8,0.33,0.25,0.76,561,655,27,0,0,0,1,0,0,0,0,0,0,231,1,0,231,"-","-","-"
"push pop containers",52.9,35.7,66177,447,2499,4998,13,0.6,0.42,1.06,582,2000,31,3,0,0,1,0,0,0,0,81,1,231,1,0,"-","-",231,"-"
"smashers",39.1,46.7,67019,441,989,4943,-57,0.41,0.29,0.67,738,5000,37,22,0,0,1,0,0,0,0,264,4,231.3,3,0,229,210,255,"-"
"alligator meat",74.3,50,132402,133,5796,2846,-18,0.91,0.57,1.74,644,491,28,1,0,0,1,0,0,0,0,160,1,233,1,0,233,"-","-","-"
"kitchen favorites 2022",35.6,,300961,43,59,592,30,0.64,0.48,0.99,633,10000,9,0,0,0,1,0,0,0,0,0,0,234,1,0,234,"-","-","-"
"le tauci",76.9,75,750627,33,1472,711,-4,0.63,0.51,1.08,358,483,10,47,0,0,1,0,0,0,0,0,0,236,1,0,236,"-","-","-"
"happy everything mini attachment",43.5,40,293590,107,1574,1456,16,0.57,0.4,1.01,325,925,26,0,0,0,1,0,0,0,0,0,0,236,1,0,"-","-","-",236
"1 minute salad maker",,,,64,1653,1187,100,0.87,0.62,1.47,394,718,26,0,0,0,1,0,0,0,0,229,1,236,1,0,"-","-","-",236
"herb stripper",59.7,63.9,91951,536,11887,3994,-46,0.6,0.43,0.99,537,336,41,37,1,1,1,54,2,131,1,46,1,236,1,0,"-","-","-",236
"pizza stone cleaning brush",76.2,87.5,465279,96,1376,776,191,1.17,0.94,1.73,409,564,11,4,0,0,1,0,0,0,0,0,0,237,1,0,"-","-","-",237
"kitchen must haves",15.4,7.7,27755,960,156,12450,21,0.5,0.31,0.8,1134,80000,39,1,0,0,1,0,0,0,0,290,2,238,1,0,238,"-","-","-"
"cutting board scraper",69.2,62.5,403629,109,858,835,-17,0.64,0.46,1.05,442,973,11,0,0,0,1,0,0,0,0,0,0,238,1,0,"-","-","-",238
"onions fresh",47.4,50.9,57472,933,673,6734,13,0.76,0.55,1.2,257,10000,32,0,0,0,1,0,0,0,0,190,1,242,2,0,191,293,"-","-"
"cleaning gadgets",24.4,37.5,69511,325,261,5226,-10,0.54,0.34,0.92,872,20000,32,4,0,0,1,0,0,0,0,241,1,242,1,0,"-",242,"-","-"
"salad keeper",71.1,75,294680,100,2334,1459,22,0.62,0.49,1.01,521,625,27,4,0,1,1,63,1,0,0,0,0,244,1,0,"-","-","-",244
"smart kitchen gadgets",52.3,100,308143,87,162,1454,-27,0.59,0.36,0.96,1058,9000,27,3,0,0,1,0,0,0,0,0,0,246,1,0,246,"-","-","-"
"top kitchen gadgets 2022",,,,42,88,525,-58,0.72,0.62,1.21,722,6000,9,0,0,1,1,69,1,0,0,0,0,249,1,0,249,"-","-","-"
"bean masher",51,29.4,257848,185,3188,1269,21,0.62,0.44,0.96,328,398,27,3,0,0,1,0,0,0,0,190,1,249,1,0,"-","-","-",249
"salad chopper bowl and cutter",50.8,66,136208,231,7624,3019,13,0.51,0.34,0.99,551,396,28,0,0,0,1,0,0,0,0,166,1,251,1,0,"-","-","-",251
"4 piece grinder",45.3,33.3,443756,61,1018,780,-33,0.8,0.58,1.17,484,766,11,0,0,0,1,0,0,0,0,179,1,252,1,0,"-","-","-",252
"kitchenaid bowls",,,,31,1301,592,-29,0.4,0.25,0.63,520,455,9,0,0,0,1,0,0,0,0,0,0,253,1,0,"-",253,"-","-"
"onion juice",74.2,88.5,358853,189,471,1412,-19,1.44,0.79,2.37,320,3000,29,11,0,0,1,0,0,0,0,0,0,253,1,0,"-",253,"-","-"
"black basket",37.8,29.9,35684,625,407,8147,10,0.39,0.3,0.72,773,20000,34,1,0,0,1,0,0,0,0,0,0,256,1,0,"-",256,"-","-"
"pink kitchen",23.1,,31545,1042,118,11798,34,0.47,0.38,0.87,812,100000,39,3,0,0,1,0,0,0,0,0,0,258,1,0,258,"-","-","-"
"iron out",73.2,73.8,63034,501,85,5104,5,1.1,0.9,1.84,299,60000,40,31,0,0,1,0,0,0,0,0,0,260,1,0,"-","-","-",260
"whole foods gift cards",75.9,71.4,63907,688,1480,5921,-40,0.5,0.38,1,150,4000,31,0,0,0,1,0,0,0,0,0,0,261,1,0,261,"-","-","-"
"pin press",65.5,66.7,213110,53,168,1683,-4,0.87,0.61,1.34,304,10000,28,7,0,0,1,0,0,0,0,0,0,261,1,0,261,"-","-","-"
"rocking knife",86.7,100,843939,24,890,591,-22,0.73,0.53,1.06,403,664,9,1,0,0,1,0,0,0,0,155,1,261,4,0,226,236,285,297
"all-clad",61.3,85.7,210937,81,2134,2134,-45,0.69,0.5,1.2,428,1000,42,47,0,0,1,0,0,0,0,0,0,264,1,0,"-",264,"-","-"
"kitchen aid accessories",49,50,408625,40,390,780,-46,0.61,0.55,1.38,466,2000,11,0,0,0,1,0,0,0,0,0,0,265,1,0,"-",265,"-","-"
"simply calphalon",69.2,,814044,38,596,578,74,,,,171,969,9,9,0,0,1,0,0,0,0,0,0,268,1,0,268,"-","-","-"
"potato onion garlic storage",50,40,388693,53,1310,1234,-4,0.55,0.46,0.91,465,942,28,7,0,0,1,0,0,0,0,208,1,270,1,0,"-","-","-",270
"primo water dispenser parts",58.1,83.3,274652,147,1694,1694,-1,0.63,0.47,1.32,310,1000,26,0,0,0,1,0,0,0,0,0,0,272,1,0,"-","-","-",272
"vegetable cleaner device",85.9,80,399479,87,3453,1112,-23,1.15,0.94,1.93,261,322,28,9,0,1,1,81,1,0,0,0,0,274,1,0,"-","-","-",274
"kitchen appliances and gadgets",19,100,56071,243,657,5917,-38,0.44,0.32,0.77,974,9000,31,0,0,0,1,0,0,0,0,179,1,277,1,0,277,"-","-","-"
"kitchen must haves 2022 tiktok",37.3,33.3,232649,112,954,1908,4,0.61,0.46,1.02,1045,2000,27,0,0,0,1,0,0,0,0,0,0,278,1,0,278,"-","-","-"
"kitchen must haves 2022",30.2,33.3,228205,205,275,2750,-49,0.56,0.33,0.89,1144,10000,28,0,1,1,1,32,1,1265,1,0,0,284,1,0,284,"-","-","-"
"potato keeper",50,,347458,78,1231,1112,-8,0.61,0.49,0.86,594,903,27,6,0,0,1,0,0,0,0,0,0,287,2,0,291,"-","-",283
"onion saver for fridge",51.3,62.5,491088,85,2040,1073,1,0.56,0.41,1.03,308,526,26,0,0,0,1,0,0,0,0,0,0,291,1,0,291,"-","-","-"
"asian home gadgets seen on tiktok",38,100,330707,9,2126,1184,35,0.55,0.39,0.97,687,557,26,0,0,0,1,0,0,0,0,0,0,293,1,0,293,"-","-","-"
"food mill",65.7,66.1,56338,369,1099,6594,-25,0.57,0.43,0.88,623,6000,43,34,0,0,1,0,0,0,0,0,0,295,1,0,295,"-","-","-"
"spice grinder electric",31,28.9,52692,390,3384,6767,-16,0.96,0.69,1.54,491,2000,35,8,0,0,1,0,0,0,0,0,0,300,1,0,300,"-","-","-"
"kitchen aid bowls",72.7,100,548207,43,1226,592,-38,0.36,0.24,0.67,534,483,9,0,0,0,1,0,0,0,0,0,0,302,1,0,"-",302,"-","-"
"cheese shaver for hard cheese",,,,62,1208,592,-18,,,,213,490,9,0,0,0,1,0,0,0,0,178,1,0,0,0,"-","-","-","-"
"boppo kitchen gadgets",52.6,60,478550,73,2906,776,-37,,,,212,267,11,0,0,0,1,0,0,0,0,80,1,0,0,0,"-","-","-","-"
"spinning colander with handle",100,100,678927,59,3727,656,-49,0.66,0.5,1.11,423,176,10,0,0,0,1,0,0,0,0,53,1,0,0,0,"-","-","-","-"
"cool things to have in your house",47.5,100,152034,199,319,3187,-67,0.71,0.54,1.13,1078,10000,28,0,0,1,1,80,1,0,0,196,1,0,0,0,"-","-","-","-"
"contact+us",73.3,,150655,106,28,2846,33,0.51,0.24,1.15,125,100000,28,0,0,0,1,0,0,0,0,135,1,0,0,0,"-","-","-","-"
"cleaning gadgets best sellers 2022",52.4,75,477799,54,279,837,-35,0.94,0.67,1.44,895,3000,11,0,0,1,1,78,1,0,0,236,1,0,0,0,"-","-","-","-"
"hand held electric vegetable cutter",,,,31,1175,592,33,0.6,0.37,0.84,296,504,9,0,0,1,1,51,1,0,0,185,1,0,0,0,"-","-","-","-"
"cool gadgets 2022",69.2,,843070,65,84,837,-87,0.79,0.6,1.17,1083,10000,11,0,0,0,1,0,0,0,0,291,1,0,0,0,"-","-","-","-"
"fruit spinner dryer",100,100,815003,55,2983,525,23,0.54,0.36,0.9,235,176,9,1,0,0,1,0,0,0,0,70,1,0,0,0,"-","-","-","-"
"best kitchen gadgets 2022",31.8,16.7,221322,145,169,1689,-73,0.75,0.53,1.18,953,10000,26,0,1,0,1,0,0,139,1,276,1,0,0,0,"-","-","-","-"
"cooking gadgets best sellers 2022",29.7,,493458,68,195,778,-86,0.79,0.6,1.15,876,4000,11,0,1,0,1,0,0,345,3,286,1,0,0,0,"-","-","-","-"
"house gadgets best sellers 2022",47.6,50,344020,84,420,1679,-33,0.69,0.47,1.2,1278,4000,26,0,0,0,1,0,0,0,0,60,1,0,0,0,"-","-","-","-"
"home gadgets best sellers 2022",29.7,14.3,95841,294,443,3991,-34,0.64,0.43,1.13,1265,9000,29,0,0,0,1,0,0,0,0,253,1,0,0,0,"-","-","-","-"
"cool kitchen gadgets 2022",27,33.3,213900,166,421,2103,-83,0.53,0.38,0.86,1031,5000,27,0,1,0,1,0,0,446,1,293,1,0,0,0,"-","-","-","-"
"gadgets 2022",48.6,,392448,71,42,1267,-81,0.68,0.57,1.18,1103,30000,26,1,0,0,1,0,0,0,0,54,1,0,0,0,"-","-","-","-"
"kitchen gadgets best sellers 2022",15.4,16.8,2821,5881,8278,74505,-52,0.66,0.37,1.1,743,9000,113,0,1,0,1,0,0,262,3,251,1,0,0,0,"-","-","-","-"
"korean home gadgets",29,,225596,9,562,1686,24,0.61,0.38,1.1,1016,3000,26,0,0,0,1,0,0,0,0,94,1,0,0,0,"-","-","-","-"
"asian household gadgets",46.1,66.7,202435,62,1412,1412,22,0.85,0.6,1.17,745,1000,26,0,0,0,1,0,0,0,0,259,1,0,0,0,"-","-","-","-"
"japanese cleaning gadgets",53.9,50,373169,5,328,656,23,0.78,0.53,1.3,436,2000,10,0,0,0,1,0,0,0,0,188,1,0,0,0,"-","-","-","-"
"asian cleaning gadgets",73.8,,641825,10,296,591,25,0.62,0.42,1.21,501,2000,9,0,0,1,1,44,1,0,0,266,1,0,0,0,"-","-","-","-"
"kitchen supplies for new house",51.2,100,327653,82,145,1454,-25,0.5,0.34,1.01,1032,10000,26,0,0,0,1,0,0,0,0,105,1,0,0,0,"-","-","-","-"
"cake slicer for even slices",64.6,54.5,264206,120,1948,1459,-19,0.5,0.36,0.87,582,749,26,1,0,0,1,0,0,0,0,163,1,0,0,0,"-","-","-","-"
"graters, peelers & slicers",48.4,60,272901,179,1992,1906,-34,0.74,0.55,1.08,555,957,26,0,0,0,1,0,0,0,0,33,1,0,0,0,"-","-","-","-"
"garlic chopper mini",43.8,38.5,167362,227,4267,2744,-5,0.65,0.48,1.08,541,643,29,4,1,1,1,19,2,155,1,38,1,0,0,0,"-","-","-","-"
"doitool",100,100,694532,29,116,578,-7,0.77,0.6,1.17,378,5000,9,48,0,1,1,5,1,0,0,63,1,0,0,0,"-","-","-","-"
"kitchen essentials for new home",24.8,34.5,17236,463,898,17961,-62,0.42,0.26,0.6,1044,20000,46,1,0,1,1,81,1,0,0,260,1,0,0,0,"-","-","-","-"
"margarita machine for home",80.6,,624613,16,592,592,-68,0.53,0.39,0.96,465,1000,9,0,0,0,1,0,0,0,0,160,1,0,0,0,"-","-","-","-"
"masher kitchen tool",52.1,53.2,117564,358,1377,2754,-2,0.65,0.54,0.94,595,2000,31,12,0,1,1,47,2,0,0,66,1,0,0,0,"-","-","-","-"
"lemon perfect",82.3,75.3,93429,474,126,3794,4,1.4,1.15,2.79,431,30000,30,3,0,0,1,0,0,0,0,280,1,0,0,0,"-","-","-","-"
"rocker knife for one handed cutting",84.2,66.7,606011,66,3307,711,-27,0.81,0.65,1.24,288,215,10,2,0,0,1,0,0,0,0,88,1,0,0,0,"-","-","-","-"
"pasta spoon with teeth",45.8,59.3,203659,219,4453,1692,-20,0.59,0.42,0.97,457,380,27,1,0,0,1,0,0,0,0,252,1,0,0,0,"-","-","-","-"
"roasters with lid electric",32.9,66.7,279503,84,1682,1679,-56,0.59,0.47,1.02,486,998,26,0,0,0,1,0,0,0,0,220,1,0,0,0,"-","-","-","-"
"kitchen sets for home",25.6,58.3,67314,73,45,4519,-34,0.59,0.35,1.53,1012,100000,30,0,0,0,1,0,0,0,0,264,1,0,0,0,"-","-","-","-"
"black 3.0",100,100,439237,102,8,837,-25,1.08,0.74,1.7,267,100000,11,0,0,0,1,0,0,0,0,7,1,0,0,0,"-","-","-","-"
"the glass onion",78.1,,117529,188,19557,3794,58,0.42,0.34,1,77,194,29,0,0,0,1,0,0,0,0,122,1,0,0,0,"-","-","-","-"
"mocajete",76.5,,747687,23,1027,656,-30,0.55,0.37,0.97,347,639,10,0,0,0,1,0,0,0,0,113,1,0,0,0,"-","-","-","-"
"peelers for kitchen",44.9,50.2,28565,1547,5354,10708,-3,0.84,0.61,1.17,531,2000,42,15,0,0,1,0,0,0,0,33,1,0,0,0,"-","-","-","-"
"hand held juicer squeezer",69.7,90,820918,69,746,591,"-",0.63,0.39,1.22,241,792,9,0,0,0,1,0,0,0,0,55,1,0,0,0,"-","-","-","-"
"ricer kitchen tool",72,68.2,275377,192,3716,1624,-14,1,0.66,1.13,440,437,30,11,0,1,1,73,2,0,0,80,1,0,0,0,"-","-","-","-"
"salad soinner",88.3,93.8,563354,66,3599,835,-3,0.6,0.45,1.06,259,232,11,0,0,0,1,0,0,0,0,230,1,0,0,0,"-","-","-","-"
"ikea us",24.3,,25811,678,4323,17293,4,0.66,0.54,1.19,1042,4000,45,0,0,0,1,0,0,0,0,134,1,0,0,0,"-","-","-","-"
"al dente pasta man",95.5,100,449030,180,24733,1484,-30,0.9,0.74,1.51,245,60,26,0,0,0,1,0,0,0,0,25,1,0,0,0,"-","-","-","-"
"meat spatula chopper",74.9,71.8,202236,289,3859,2103,-20,0.71,0.6,1.11,594,545,27,1,0,0,1,0,0,0,0,210,1,0,0,0,"-","-","-","-"
"kick rollers",46.2,,616199,56,592,1184,-27,0.64,0.45,1.31,426,2000,27,3,0,0,1,0,0,0,0,103,1,0,0,0,"-","-","-","-"
"dab cart",100,,672610,36,932,656,-15,0.6,0.49,1.07,281,704,10,0,0,0,1,0,0,0,0,117,1,0,0,0,"-","-","-","-"
"ref",77.3,25,450960,106,63,1257,-37,0.86,0.46,1.33,289,20000,36,33,0,0,1,0,0,0,0,216,1,0,0,0,"-","-","-","-"
"margarita tower",77.8,100,317165,63,2054,1257,3,0.69,0.5,1.23,462,612,26,0,0,0,1,0,0,0,0,119,1,0,0,0,"-","-","-","-"
"electric dab rigs",46.1,50,164070,82,9760,2235,-15,0.56,0.31,0.95,214,229,27,0,0,0,1,0,0,0,0,96,1,0,0,0,"-","-","-","-"
"electric dab rig",37.4,,85947,315,17546,4755,-11,0.38,0.33,1.08,452,271,30,0,0,0,1,0,0,0,0,113,1,0,0,0,"-","-","-","-"
"electric dab nail",66.3,,313581,87,6644,1269,-22,0.76,0.56,1.61,448,191,26,0,0,0,1,0,0,0,0,36,1,0,0,0,"-","-","-","-"
"wooden tortilla press",72.7,,727170,42,1826,778,-22,0.48,0.33,0.84,434,426,11,10,0,0,1,0,0,0,0,183,1,0,0,0,"-","-","-","-"
"life hack gadgets",46,50,389585,59,535,1070,-44,0.65,0.43,0.92,1061,2000,26,0,0,0,1,0,0,0,0,219,1,0,0,0,"-","-","-","-"
"potatoe ricer",87.8,100,452011,89,2659,1114,-35,0.64,0.44,1.1,403,419,26,0,0,1,1,62,1,0,0,246,1,0,0,0,"-","-","-","-"
"large tortilla press",61.8,100,404253,28,389,778,-3,0.51,0.38,0.87,410,2000,11,0,0,0,1,0,0,0,0,208,1,0,0,0,"-","-","-","-"
"cool grinder",65.7,,601660,42,656,656,-38,0.56,0.41,0.77,526,1000,10,0,0,0,1,0,0,0,0,264,1,0,0,0,"-","-","-","-"
"magic spoon",84.8,86.3,21952,1870,3110,12439,63,0.89,0.69,1.66,512,4000,42,8,0,0,1,0,0,0,0,179,1,0,0,0,"-","-","-","-"
"mini garlic chopper",66,80,354173,130,1739,1412,-16,0.64,0.43,1.05,514,812,32,18,0,1,1,30,2,0,0,30,1,0,0,0,"-","-","-","-"
"best tortilla press",87.5,100,670233,22,2118,591,"-",0.45,0.38,0.69,354,279,9,0,0,0,1,0,0,0,0,149,1,0,0,0,"-","-","-","-"
"pamper chef",63.6,100,861588,43,525,525,-49,0.56,0.44,0.84,382,1000,9,0,0,1,1,37,1,0,0,96,1,0,0,0,"-","-","-","-"
"glass onion",73.9,,6946,1664,595937,37544,109,0.39,0.22,0.52,58,63,71,7,0,0,1,0,0,0,0,118,1,0,0,0,"-","-","-","-"
"maquina de pelar",55.9,100,771443,40,296,591,-5,0.92,0.63,1.43,444,2000,9,0,0,1,1,8,1,0,0,78,1,0,0,0,"-","-","-","-"
"bonnevie",62.5,50,449584,103,4795,1683,"-",1.1,0.8,1.83,180,351,28,6,0,0,1,0,0,0,0,245,1,0,0,0,"-","-","-","-"
"slapchop",67.3,71.4,344394,125,3050,1412,-23,0.58,0.43,1.02,466,463,26,0,0,0,1,0,0,0,0,234,1,0,0,0,"-","-","-","-"
"cusinart",45.6,,302040,95,295,1477,-25,0.63,0.4,0.86,502,5000,26,0,0,1,1,16,1,0,0,96,1,0,0,0,"-","-","-","-"
"gagets",66.7,,771594,34,7,657,-62,0.82,0.55,1.16,870,100000,10,0,0,0,1,0,0,0,0,154,1,0,0,0,"-","-","-","-"
"replacement wire for cheese slicer",63,100,720511,27,1927,578,-21,0.75,0.49,1.08,25,300,9,0,0,0,1,0,0,0,0,227,1,0,0,0,"-","-","-","-"
"molcajete",40.7,48.5,32839,773,15130,9547,-21,0.52,0.34,0.93,464,631,47,37,0,1,1,115,1,0,0,80,1,0,0,0,"-","-","-","-"
"cocina",28.8,,29667,820,102,10168,17,0.45,0.32,0.8,1049,100000,36,0,0,0,1,0,0,0,0,217,1,0,0,0,"-","-","-","-"
"stainless steel contact paper for appliances",87.2,100,677732,34,656,656,-6,0.55,0.32,0.85,402,1000,10,2,0,0,1,0,0,0,0,181,1,0,0,0,"-","-","-","-"
"pioneer woman baking dish",100,100,876926,41,592,592,-36,0.48,0.36,0.63,361,1000,9,1,0,0,1,0,0,0,0,274,1,0,0,0,"-","-","-","-"
"wood tortilla press",38.5,40,447778,39,2076,1181,-6,0.66,0.41,1.12,482,569,30,13,0,0,1,0,0,0,0,220,1,0,0,0,"-","-","-","-"
"smart funnel",86.6,,520223,60,851,657,-19,0.59,0.44,0.94,307,772,10,3,0,0,1,0,0,0,0,131,1,0,0,0,"-","-","-","-"
"clothes spinner",53.7,,316360,30,1256,1256,-2,0.48,0.27,0.91,538,1000,26,0,0,0,1,0,0,0,0,207,1,0,0,0,"-","-","-","-"
"pink dish rack",69.6,75,277598,98,562,1686,18,0.49,0.31,0.82,561,3000,26,0,0,0,1,0,0,0,0,94,1,0,0,0,"-","-","-","-"
"sanrio brush",75.9,100,456856,65,656,656,-25,0.65,0.52,1.01,309,1000,10,0,0,0,1,0,0,0,0,219,1,0,0,0,"-","-","-","-"
"hand crank washing machine",81.8,,661486,6,919,525,-25,0.52,0.34,0.87,454,571,9,2,0,0,1,0,0,0,0,135,1,0,0,0,"-","-","-","-"
"egg roll maker",52.9,,313493,74,1624,1624,"-",0.46,0.27,0.72,534,1000,30,13,0,0,1,0,0,0,0,56,1,0,0,0,"-","-","-","-"
"egg weights",73,79.1,100191,357,216,4318,-15,0.56,0.41,1.12,597,20000,36,20,0,0,1,0,0,0,0,272,1,0,0,0,"-","-","-","-"
"egg spinner",57.1,48,92402,174,2319,1686,2,0.44,0.33,0.9,569,727,29,10,0,0,1,0,0,0,0,79,1,0,0,0,"-","-","-","-"
"cleaning hacks",28.8,,357260,67,358,1073,155,0.89,0.59,1.43,643,3000,26,1,0,0,1,0,0,0,0,204,1,0,0,0,"-","-","-","-"
"fish cleaning kit",67.5,83.3,345347,85,3677,1114,-50,0.89,0.68,1.59,486,303,27,6,0,0,1,0,0,0,0,125,1,0,0,0,"-","-","-","-"
"cheese shaver",91.3,87.5,405856,176,2063,1681,6,0.76,0.66,1.2,466,815,28,7,0,0,1,0,0,0,0,220,1,0,0,0,"-","-","-","-"
"portable dab rig",51.1,75,128094,198,9928,3177,-15,0.46,0.26,0.89,615,320,28,0,0,0,1,0,0,0,0,61,1,0,0,0,"-","-","-","-"
"cake saver",62.2,66.7,584429,77,776,776,-28,0.55,0.43,0.94,531,1000,11,0,0,0,1,0,0,0,0,89,1,0,0,0,"-","-","-","-"
"pink microwave",34,41.7,22800,583,588,11766,29,0.44,0.34,0.8,1007,20000,38,0,0,0,1,0,0,0,0,250,1,0,0,0,"-","-","-","-"
"microwave pasta maker",96.8,100,488868,96,1357,1186,8,0.71,0.48,1.26,343,874,26,0,0,0,1,0,0,0,0,151,1,0,0,0,"-","-","-","-"
"sonoma goods for life",78,,293510,86,353,1412,-11,0.68,0.48,1.05,388,4000,28,5,0,0,1,0,0,0,0,210,1,0,0,0,"-","-","-","-"
"ajo negro",60,77.8,310457,141,616,1231,-12,1.32,0.89,2.25,116,2000,26,2,0,0,1,0,0,0,0,143,1,0,0,0,"-","-","-","-"
"tortilla storage container",84.1,100,422382,60,837,837,9,0.42,0.28,0.7,476,1000,11,0,0,0,1,0,0,0,0,169,1,0,0,0,"-","-","-","-"
"empanada maker press",34.6,39.8,16950,1204,19375,19375,-20,0.44,0.28,0.77,567,1000,50,8,0,0,1,0,0,0,0,198,1,0,0,0,"-","-","-","-"
"oxo peeler",70.4,76.5,104376,404,26714,3179,-28,0.65,0.5,0.77,224,119,28,0,0,1,1,25,1,0,0,81,1,0,0,0,"-","-","-","-"
"cake pop roller",86.8,,562303,61,1488,778,46,0.64,0.49,1.12,320,523,11,0,0,0,1,0,0,0,0,131,1,0,0,0,"-","-","-","-"
"cake pop kit",45.5,56,59729,574,6781,5391,-52,0.7,0.45,0.99,488,795,33,6,0,0,1,0,0,0,0,188,1,0,0,0,"-","-","-","-"
"iron fish cooking",100,100,917848,34,176,527,-27,0.61,0.48,1,255,3000,9,1,0,0,1,0,0,0,0,54,1,0,0,0,"-","-","-","-"
"cocina accesorios",33.9,33.3,81802,185,76,3795,16,0.58,0.44,0.93,1121,50000,29,1,0,1,1,82,1,0,0,264,1,0,0,0,"-","-","-","-"
"oil press machine",51.4,,115990,66,393,2357,-12,0.57,0.39,1.22,404,6000,34,22,0,0,1,0,0,0,0,64,1,0,0,0,"-","-","-","-"
"baby bottle pop",82.5,87.3,78494,646,400,3997,-22,0.81,0.45,1.34,499,10000,32,8,0,0,1,0,0,0,0,215,1,0,0,0,"-","-","-","-"
"pampered chef food chopper",94.9,100,773131,36,7529,527,-34,0.63,0.43,1.15,113,70,9,2,0,0,1,0,0,0,0,49,1,0,0,0,"-","-","-","-"
"pioneer woman spoon rest",76.9,80,868861,56,1176,527,-16,0.44,0.29,0.6,320,448,9,0,0,0,1,0,0,0,0,176,1,0,0,0,"-","-","-","-"
"pioneer woman bakeware",90,100,805459,39,656,656,-49,0.34,0.21,0.6,405,1000,10,0,0,0,1,0,0,0,0,171,1,0,0,0,"-","-","-","-"
"pistachio oil",91.3,95.2,634369,105,591,591,-18,0.95,0.62,1.67,340,1000,9,19,0,0,1,0,0,0,0,166,1,0,0,0,"-","-","-","-"
"sanrio room decor",21.8,29.3,5521,732,11604,46415,-5,0.41,0.29,0.65,1217,4000,80,1,0,0,1,0,0,0,0,268,1,0,0,0,"-","-","-","-"
"accesorios de cocina",52.3,,315778,91,11,1070,30,0.56,0.41,0.9,818,100000,26,0,0,0,1,0,0,0,0,65,1,0,0,0,"-","-","-","-"
"pyrex dishes",60,,710976,92,2085,1184,-40,0.38,0.31,0.69,567,568,26,0,0,0,1,0,0,0,0,89,1,0,0,0,"-","-","-","-"
"mini dab rig",62.5,,917446,37,976,527,-17,0.68,0.48,1.29,224,540,9,0,0,0,1,0,0,0,0,122,1,0,0,0,"-","-","-","-"
"mini chopper",32.2,29.5,48774,480,7647,6768,-41,0.6,0.44,1.07,523,885,36,12,0,1,1,51,1,0,0,90,1,0,0,0,"-","-","-","-"
"dab rig glass",40.5,100,406216,111,1868,1412,-9,0.39,0.26,0.67,625,756,26,0,0,0,1,0,0,0,0,279,1,0,0,0,"-","-","-","-"
"metal cake scraper",70.1,80,456616,69,780,780,-10,0.6,0.42,0.97,288,1000,11,13,0,0,1,0,0,0,0,113,1,0,0,0,"-","-","-","-"
"funnel cake kit",78.1,100,247247,112,5979,1686,-26,0.43,0.33,0.98,458,282,27,1,0,0,1,0,0,0,0,145,1,0,0,0,"-","-","-","-"
"cake push pop containers with lids",77.6,66.7,700765,62,1880,656,21,0.6,0.44,0.95,315,349,10,1,0,0,1,0,0,0,0,184,1,0,0,0,"-","-","-","-"
"cool random things",45.8,100,278970,82,111,1112,-34,0.69,0.46,1.37,982,10000,26,0,0,1,1,13,1,0,0,93,1,0,0,0,"-","-","-","-"
"dab spoon",38.2,20,342605,100,1530,1011,-9,0.53,0.36,0.91,488,661,25,0,0,0,1,0,0,0,0,150,1,0,0,0,"-","-","-","-"
"dab rig accessories",31.3,,420484,71,1070,1070,-21,0.52,0.35,0.81,711,1000,26,0,0,0,1,0,0,0,0,220,1,0,0,0,"-","-","-","-"
"crate and barrel",53.9,,164188,126,534,2134,-44,0.88,0.69,1.22,825,4000,27,0,0,0,1,0,0,0,0,161,1,0,0,0,"-","-","-","-"
"useless stuff",50,,578034,56,78,780,-31,0.46,0.32,0.86,841,10000,11,0,0,0,1,0,0,0,0,82,1,0,0,0,"-","-","-","-"
"useless gifts",59.9,100,223682,186,105,2097,-73,0.49,0.37,0.75,1009,20000,27,0,0,0,1,0,0,0,0,245,1,0,0,0,"-","-","-","-"
"wmf",42.5,,170281,82,3951,2098,-9,0.93,0.47,1.27,420,531,42,47,0,1,1,13,1,0,0,41,1,0,0,0,"-","-","-","-"
"cherry picker",56.8,100,252523,57,2698,2064,-18,0.82,0.54,1.29,422,765,32,15,0,0,1,0,0,0,0,147,1,0,0,0,"-","-","-","-"
"copper knife set",82.8,50,441762,47,1182,1181,-19,0.8,0.55,1.12,698,999,27,3,0,0,1,0,0,0,0,265,1,0,0,0,"-","-","-","-"
"cheese making kit",51.8,58.5,125496,222,2744,2744,-50,0.77,0.62,1.16,396,1000,36,28,0,0,1,0,0,0,0,230,1,0,0,0,"-","-","-","-"
"cute kitchen accessories",40,14.3,73275,474,105,5261,-35,0.37,0.24,0.72,1034,50000,31,1,0,1,1,6,1,0,0,70,1,0,0,0,"-","-","-","-"
"alpha test",89.9,87.5,481189,97,1256,1256,16,1.41,0.95,2.58,86,1000,27,3,0,0,1,0,0,0,0,186,1,0,0,0,"-","-","-","-"
"just the cheese",84.1,77,113759,955,744,7443,54,0.96,0.64,1.43,471,10000,36,9,0,0,1,0,0,0,0,211,1,0,0,0,"-","-","-","-"
"home gadgets",25.2,28.6,17061,1313,249,17464,-17,0.57,0.31,0.88,1104,70000,45,1,0,0,1,0,0,0,0,101,1,0,0,0,"-","-","-","-"
"contact us",59.6,100,20302,1673,184,18392,33,0.53,0.39,1.14,377,100000,47,2,0,0,1,0,0,0,0,264,1,0,0,0,"-","-","-","-"
"electric roaster pan with lid",45.5,14.3,352152,71,1715,1458,-33,0.65,0.37,0.92,577,850,26,0,0,0,1,0,0,0,0,136,1,0,0,0,"-","-","-","-"
"sliced cheese container",83.8,83.3,508446,111,1011,1011,22,0.44,0.36,0.83,542,1000,27,4,0,0,1,0,0,0,0,243,1,0,0,0,"-","-","-","-"
"brass knuckle knife",65.9,100,183718,154,2537,2238,-15,0.41,0.36,0.73,1074,882,27,0,0,0,1,0,0,0,0,231,1,0,0,0,"-","-","-","-"
"small appliances for kitchen",,,,26,10,591,-78,0.58,0.39,0.82,1083,60000,9,0,0,0,1,0,0,0,0,157,1,0,0,0,"-","-","-","-"
"the hate you give book",90.8,90.5,254547,269,423,1691,-14,0.68,0.42,1.27,43,4000,26,0,0,0,1,0,0,0,0,74,1,0,0,0,"-","-","-","-"
"silicone bowl scraper",100,100,687207,66,592,592,-22,0.84,0.59,1.33,392,1000,9,3,0,0,1,0,0,0,0,257,1,0,0,0,"-","-","-","-"
"juice presser machine",54.6,50,372584,39,2284,1256,2,0.82,0.56,1.7,500,550,26,2,0,0,1,0,0,0,0,72,1,0,0,0,"-","-","-","-"
"pre roll machine",39.3,35.3,55211,445,7919,7919,8,0.7,0.47,1.25,167,1000,35,3,0,0,1,0,0,0,0,209,1,0,0,0,"-","-","-","-"
"meat cutter machine",51.7,50,143147,82,3184,3184,1,0.7,0.43,1.27,530,1000,31,10,0,0,1,0,0,0,0,68,1,0,0,0,"-","-","-","-"
"cuisinart food processor replacement parts",62.9,30,222214,98,1908,1908,-18,0.53,0.37,0.98,239,1000,27,0,0,0,1,0,0,0,0,245,1,0,0,0,"-","-","-","-"
"baby food scissors",51,38.5,302553,192,7444,1459,-1,0.67,0.51,0.93,483,196,29,9,0,0,1,0,0,0,0,145,1,0,0,0,"-","-","-","-"
"slap chop",36.5,30.6,40848,605,19352,8147,-20,0.52,0.39,0.9,624,421,36,6,0,0,1,0,0,0,0,240,1,0,0,0,"-","-","-","-"
"funnel cake maker",67.4,70,169585,142,2617,2235,-23,0.55,0.42,1.1,358,854,28,3,0,0,1,0,0,0,0,149,1,0,0,0,"-","-","-","-"
"silicone dab container",50,45.5,207967,121,4450,1976,-13,0.44,0.31,0.85,528,444,27,1,0,0,1,0,0,0,0,255,1,0,0,0,"-","-","-","-"
"the pampered chef",29.2,50,37171,699,25101,9463,-2,0.54,0.37,0.67,417,377,38,8,0,0,1,0,0,0,0,131,1,0,0,0,"-","-","-","-"
"cake pop maker kit",60.6,57.1,328997,95,3978,1456,-46,0.71,0.54,1.12,419,366,30,13,0,0,1,0,0,0,0,269,1,0,0,0,"-","-","-","-"
"wonderful pistachios",26.9,24.2,45697,489,2635,5269,-21,0.97,0.75,1.72,553,2000,42,36,0,0,1,0,0,0,0,170,1,0,0,0,"-","-","-","-"
"moon cheese",41.6,36.5,70195,514,2380,4760,-9,1.09,0.83,2.08,252,2000,37,21,0,0,1,0,0,0,0,168,1,0,0,0,"-","-","-","-"
"foodie dice",86.3,92.3,765042,77,11840,592,-78,0.76,0.45,1.06,189,50,9,0,0,0,1,0,0,0,0,33,1,0,0,0,"-","-","-","-"
"margarita machine",45.8,65,16444,811,17448,17448,-48,0.45,0.22,0.74,462,1000,49,11,0,0,1,0,0,0,0,219,1,0,0,0,"-","-","-","-"
"cheese cloths for cooking",53.2,56,126390,383,3210,2754,-10,0.61,0.56,1.5,324,858,30,8,0,0,1,0,0,0,0,172,1,0,0,0,"-","-","-","-"
"home appliances",51.8,100,79594,425,64,6397,-36,0.43,0.31,1.01,1007,100000,33,5,0,0,1,0,0,0,0,108,1,0,0,0,"-","-","-","-"
"big spoon roasters",52.1,58.3,505107,83,2619,1071,-36,0.72,0.53,1.2,112,409,27,5,0,0,1,0,0,0,0,71,1,0,0,0,"-","-","-","-"
"thats it",52.5,42.6,52306,825,59,5926,9,1.28,0.78,1.9,454,100000,31,0,0,0,1,0,0,0,0,267,1,0,0,0,"-","-","-","-"
"simply modern",47.6,38.7,21048,4509,475,33238,124,0.63,0.42,1.19,612,70000,64,0,0,0,1,0,0,0,0,203,1,0,0,0,"-","-","-","-"
"the hate you give",69.5,74.5,56546,630,158,4745,-6,0.55,0.33,0.98,121,30000,30,1,0,0,1,0,0,0,0,200,1,0,0,0,"-","-","-","-"
"pelador de papas",43.3,47.6,126137,272,2762,2762,-1,0.59,0.5,0.89,404,1000,28,0,1,0,1,0,0,168,1,69,1,0,0,0,"-","-","-","-"
"cheese cutter wire replacement",67.5,100,533944,60,5257,778,-23,0.87,0.63,1.28,128,148,11,0,0,0,1,0,0,0,0,262,1,0,0,0,"-","-","-","-"
"pampered chef chopper",70.3,72.1,124989,325,18494,3181,-41,0.55,0.42,1.08,302,172,28,0,0,0,1,0,0,0,0,66,1,0,0,0,"-","-","-","-"
"cheese cutter wire",75,100,449815,57,1806,1073,-24,0.82,0.62,1.29,438,594,26,1,0,0,1,0,0,0,0,230,1,0,0,0,"-","-","-","-"
"gadgets for home",25.7,31.6,44755,609,113,7914,-40,0.53,0.37,0.76,1077,70000,34,0,0,0,1,0,0,0,0,288,1,0,0,0,"-","-","-","-"
"minced garlic",41.7,46.6,26672,1445,16268,11794,12,0.72,0.53,1.15,301,725,45,20,0,0,1,0,0,0,0,55,1,0,0,0,"-","-","-","-"
"pasta making kit",81.4,100,554458,54,356,711,-71,0.73,0.57,1.37,486,2000,10,3,0,0,1,0,0,0,0,255,1,0,0,0,"-","-","-","-"
"silicone dab rig",52,,361899,74,1516,837,-32,0.49,0.34,0.75,557,552,11,0,0,0,1,0,0,0,0,171,1,0,0,0,"-","-","-","-"
"heavy metal test kit",65.8,,375258,55,837,837,17,1.12,0.61,1.73,213,1000,11,0,0,0,1,0,0,0,0,201,1,0,0,0,"-","-","-","-"
"heavy metals test kit",72.6,100,356157,62,3078,1256,20,1.47,1.12,1.83,183,408,26,1,0,0,1,0,0,0,0,178,1,0,0,0,"-","-","-","-"
"zester tool",78.3,83.7,331301,195,1805,1256,-33,0.73,0.49,1.12,394,696,29,10,0,1,1,27,1,0,0,144,1,0,0,0,"-","-","-","-"
"smash burger press",33,34.6,18308,1784,28119,17293,12,0.75,0.62,0.93,463,615,51,20,0,0,1,0,0,0,0,289,1,0,0,0,"-","-","-","-"
"kitchen gadgets clearance",33.6,25,169503,219,56,2237,-40,0.66,0.52,1.05,1020,40000,27,0,1,1,1,74,1,454,1,162,1,0,0,0,"-","-","-","-"
"soma",81,100,213318,102,8,1688,-35,1.14,0.88,1.68,550,200000,28,6,0,0,1,0,0,0,0,130,1,0,0,0,"-","-","-","-"
"masher",56.2,64.3,81969,499,6825,3829,-9,0.61,0.53,0.96,398,561,44,47,0,1,1,57,2,0,0,94,1,0,0,0,"-","-","-","-"
"washing machine pan",60,75.5,98101,273,530,3179,5,0.56,0.4,1,381,6000,30,5,0,0,1,0,0,0,0,91,1,0,0,0,"-","-","-","-"
"cooking gifts for women",33.1,32,127291,118,127,3795,-83,0.96,0.77,1.62,765,30000,29,2,0,0,1,0,0,0,0,280,1,0,0,0,"-","-","-","-"
"microplane",58.1,57,17528,2171,110146,17293,-18,0.54,0.35,0.9,151,157,53,24,0,0,1,0,0,0,0,79,1,0,0,0,"-","-","-","-"
"lemon zester tool",61.1,65.1,131925,376,5121,2238,-32,0.6,0.45,0.97,351,437,29,6,0,0,1,0,0,0,0,263,1,0,0,0,"-","-","-","-"
"rotary graters for kitchen",79.7,83.3,537378,63,1673,711,-18,0.56,0.38,1.1,319,425,10,3,0,0,1,0,0,0,0,180,1,0,0,0,"-","-","-","-"
"meat press",52.5,52.4,117661,228,506,3039,-18,0.81,0.67,1.03,487,6000,32,12,0,0,1,0,0,0,0,72,1,0,0,0,"-","-","-","-"
"french press replacement parts",100,100,743523,25,711,711,-13,0.94,0.73,1.53,177,1000,10,0,0,0,1,0,0,0,0,127,1,0,0,0,"-","-","-","-"
"cuisinart blender replacement parts",70.2,70,451014,123,1112,1112,9,0.64,0.47,1.09,89,1000,26,1,0,0,1,0,0,0,0,280,1,0,0,0,"-","-","-","-"
"spaghetti spoon",32.9,35.5,40895,903,7446,7446,-20,0.55,0.37,0.93,596,1000,39,18,0,0,1,0,0,0,0,180,1,0,0,0,"-","-","-","-"
"graters for kitchen",31.5,38.3,21077,1463,7325,14649,3,0.52,0.36,0.91,479,2000,43,4,0,1,1,44,1,0,0,58,1,0,0,0,"-","-","-","-"
"cheese grater oxo",71.6,70.4,396696,150,12782,1112,-45,0.53,0.36,0.8,120,87,26,0,0,0,1,0,0,0,0,68,1,0,0,0,"-","-","-","-"
"food grade mineral oil",65.4,65.7,31475,1131,34422,9707,15,0.99,0.83,1.8,237,282,45,28,0,0,1,0,0,0,0,215,1,0,0,0,"-","-","-","-"
"new home",29.1,,102343,69,16,3182,-48,0.7,0.48,1.31,710,200000,32,12,0,0,1,0,0,0,0,275,1,0,0,0,"-","-","-","-"
"kitchen gadget",44.5,33.3,177562,189,56,2237,-77,0.74,0.49,1.05,1000,40000,29,6,1,0,1,0,0,442,1,145,1,0,0,0,"-","-","-","-"
"cheese slicer wire replacement",78.4,84.6,428748,137,4290,1257,-2,0.69,0.55,1.14,91,293,26,1,0,0,1,0,0,0,0,236,1,0,0,0,"-","-","-","-"
"salad cutter bowl",71.4,100,845300,79,888,837,45,0.7,0.5,1.16,391,943,11,11,0,0,1,0,0,0,0,265,1,0,0,0,"-","-","-","-"
"essential oil extractor",77.1,,490335,29,2468,780,-18,1.08,0.64,1.79,527,316,11,2,0,0,1,0,0,0,0,144,1,0,0,0,"-","-","-","-"
"rotary cheese grater",50.1,54.7,27355,1205,32990,13691,-20,0.58,0.35,1.01,415,415,52,37,0,0,1,0,0,0,0,143,1,0,0,0,"-","-","-","-"
"dab containers",56.5,57.9,234869,132,1622,1622,-16,0.62,0.48,1.07,614,1000,26,0,0,0,1,0,0,0,0,272,1,0,0,0,"-","-","-","-"
"dab nail",44.3,35.7,129008,239,2744,2744,1,0.79,0.55,1.2,413,1000,27,0,0,0,1,0,0,0,0,41,1,0,0,0,"-","-","-","-"
"dab tool",21.6,33.2,23823,1110,3111,12442,-11,0.37,0.28,0.73,354,4000,39,1,0,0,1,0,0,0,0,212,1,0,0,0,"-","-","-","-"
"dab rigs",44.5,,170633,141,2237,2237,-20,0.43,0.25,0.66,425,1000,27,0,0,0,1,0,0,0,0,213,1,0,0,0,"-","-","-","-"
"dab rig",28.4,15.5,7655,2754,35552,35552,-11,0.29,0.15,0.61,549,1000,67,0,0,0,1,0,0,0,0,213,1,0,0,0,"-","-","-","-"
"unique kitchen gadgets",42.5,100,203466,208,224,2238,-77,0.74,0.52,1.05,962,10000,28,3,1,1,1,12,1,459,1,246,1,0,0,0,"-","-","-","-"
"kitchen appliances",16.8,26.2,6078,2309,654,39262,-45,0.62,0.38,1.19,1329,60000,71,1,0,1,1,118,1,0,0,36,1,0,0,0,"-","-","-","-"
"kitchen sets",42.7,75,67889,248,50,4998,-46,0.58,0.4,0.82,1100,100000,30,0,0,0,1,0,0,0,0,77,1,0,0,0,"-","-","-","-"
"salad spinner",61.8,66.9,2489,6758,321388,74562,11,0.43,0.31,0.8,452,232,127,43,0,0,1,0,0,0,0,207,1,0,0,0,"-","-","-","-"
"meat mallet",53.6,57.4,41001,972,19962,7446,-1,0.65,0.52,1.08,401,373,39,17,0,0,1,0,0,0,0,124,1,0,0,0,"-","-","-","-"
"ginger grater",42.8,49.4,96445,309,3976,3181,-10,0.62,0.37,0.93,446,800,31,9,1,1,1,51,2,83,1,67,1,0,0,0,"-","-","-","-"
"apple cutter",40.9,44.3,15430,2854,60519,21787,-19,0.48,0.35,0.74,397,360,58,24,0,0,1,0,0,0,0,181,1,0,0,0,"-","-","-","-"
"swiss peeler",72.7,60,791414,103,3744,835,-16,0.62,0.51,0.98,371,223,11,11,0,1,1,63,1,0,0,41,1,0,0,0,"-","-","-","-"
"potato peelers",35.5,40.5,8563,3364,33236,33236,-12,0.55,0.41,0.9,489,1000,67,9,1,1,1,29,1,862,2,83,1,0,0,0,"-","-","-","-"
"y peeler",53,53.8,109532,404,1594,3187,-6,0.66,0.51,0.98,493,2000,30,6,0,1,1,77,1,0,0,66,1,0,0,0,"-","-","-","-"
"vegetable peeler",39.4,40.7,7425,4747,33239,33239,4,0.58,0.44,0.93,459,1000,72,27,1,0,1,0,0,849,3,136,1,0,0,0,"-","-","-","-"
"peeler",42.6,47.6,12165,2922,10916,21831,-5,0.74,0.53,1.05,537,2000,64,44,1,1,1,65,1,647,4,147,1,0,0,0,"-","-","-","-"
"gadget",20.8,50,100909,257,38,3794,-65,0.41,0.32,0.78,1083,100000,31,7,0,0,1,0,0,0,0,189,1,0,0,0,"-","-","-","-"
"cooking gadgets",22.6,34.9,14974,1900,968,19362,-58,0.63,0.42,0.85,780,20000,47,0,1,0,1,0,0,358,2,294,1,0,0,0,"-","-","-","-"
"gadgets for women",14.1,20.8,36564,730,236,9456,-75,0.68,0.61,1.21,880,40000,35,0,0,0,1,0,0,0,0,220,1,0,0,0,"-","-","-","-"
"kitchen essentials",19.6,11.5,11260,410,745,22335,-25,0.55,0.33,0.68,899,30000,52,4,1,0,1,0,0,1002,2,27,1,0,0,0,"-","-","-","-"
"kitchen gadgets",14.3,13.1,129,29768,7578,378883,-34,0.44,0.3,0.78,958,50000,479,11,1,1,1,82,1,323,5,87,1,0,0,0,"-","-","-","-"
"cooking accessories",44.7,25,100278,284,54,3794,-46,0.69,0.44,1.02,875,70000,30,3,0,0,1,0,0,0,0,285,1,0,0,0,"-","-","-","-"
"kitchen accessories",17.8,18.5,3013,6092,744,74431,-18,0.49,0.23,0.73,1010,100000,114,4,1,0,1,0,0,854,2,66,1,0,0,0,"-","-","-","-"
"meat tenderizer",39.6,45.1,6510,3794,71879,37521,-12,0.69,0.5,1.24,304,522,83,45,1,0,1,0,0,1458,1,234,1,0,0,0,"-","-","-","-"
"silicon",50.3,50,109857,307,32,3181,2,0.83,0.69,1.21,2,100000,31,8,0,0,1,0,0,0,0,274,1,0,0,0,"-","-","-","-"
"lemon squeezer",44.7,56.7,3265,7805,65326,65326,26,0.46,0.32,0.88,459,1000,112,30,1,0,1,0,0,1131,1,162,1,0,0,0,"-","-","-","-"
"juicer hand",42.5,38.6,46446,706,7446,7446,-8,0.56,0.38,1.12,456,1000,35,6,0,0,1,0,0,0,0,162,1,0,0,0,"-","-","-","-"
"fun kitchen gadgets",47.9,66.7,369425,151,146,1458,-74,0.6,0.47,1.05,914,10000,27,4,0,0,1,0,0,0,0,270,1,0,0,0,"-","-","-","-"
"gadgets",8,4.2,4687,4051,497,49691,-56,0.7,0.38,1.11,1068,100000,86,8,1,0,1,0,0,1127,1,245,1,0,0,0,"-","-","-","-"
"premium",100,100,627829,58,6,1114,31,0.93,0.77,1.61,474,200000,39,43,0,0,1,0,0,0,0,93,1,0,0,0,"-","-","-","-"